s{U,ϑԍ,,ϑ,Ŗ,Cۏ񓙂ɕ\L閼,ݒn,ܓx(x),ܓx(),ox(x),ox(),Cʏ̍(),v̍(),xv̍(),ϑJnN,l1,l2
@J,11001,l,@J,л,ts@J,ts@J,45,31.2,141,56.1,26,10.1,1.5,53.10.30,|,|
@J,11016,,t,ܯŲ,tsJ^,tsJ^@tnCۑ,45,24.9,141,40.7,3,24.1,|,#50.4.1,11903,|
@J,11046,l,當,,當[,當S當厚[giC,45,18.3,141,2.7,65,9.9,1.5,15.10.17,|,|
@J,11061,,,Ĳ,t`,ts厚⑺@tqCۊϑ,45,24.2,141,48.1,8,10,|,15.1.1,11904,ƁExEC
@J,11076,l,lSu,ϵƼ,lSu,@JSlSu,45,20.1,142,10.2,13,6.5,1.5,53.10.30,11900,x
@J,11091,,{,,K`,KSKxm{@KqCۊϑ,45,14.5,141,11.2,30,10,|,15.1.1,|,ƁExEC
@J,11121,l,,϶,ts,ts⑺,45,14.9,141,51.1,23,10,1.5,52.10.20,11905,x
@J,11151,l,B`,¶,KB`,KSKB`,45,10.7,141,8.3,14,9.9,1.5,#52.10.24,|,|
@J,11176,l,Lx,,Lx,VSLxLx2,45,6.1,141,46.8,14,10,1.5,(50.5.29)52.10.25,11910,x
@J,11206,l,lڕ,,lڕ,}KSlڕʒNb`Δ,45,7.5,142,21,18,10,2.5,#52.10.19,|,x
@J,11276,l,ڕ,Ŷ,ڕ,}KSڕʒ,44,57.9,142,16.8,25,10.2,1.5,(50.5.28)52.10.19,11915,x
@J,11291,,k}K,д,}K}K,}KS}K{@k}KʒnCۊϑ,44,56.4,142,35.1,7,17.2,|,#51.1.1,11917,|
@J,11316,l,̓o,,}K̓o,}KS}K̓o,44,50.5,142,28.8,14,10,1.5,#52.10.25,11920,x
@J,13011,J,y,,y,VSyy,45,0.4,141,51.1,5,|,|,17.11.15,|,|
,12011,l,,Ŷ,,S쒬,44,49.7,142,4.6,22,10,1.5,52.10.19,|,x
,12041,l,Ўq{,Ĳȯ,Ўq{,SЎq{Ўq{,44,43.6,142,15.9,40,10,1.5,52.10.17,12905,x
,12066,J,,,[,S[,44,36.5,142,17.7,60,|,|,17.11.9,|,|
,12141,l,[,̶,[,S[,44,28.8,142,20.5,77,10,1.5,#52.10.6,12900,x
,12181,l,,,s勴,s勴,44,22.2,142,27.4,89,9.9,1.5,#51.4.1,12910,|
,12217,J,A,Ƽ̳,sA,sAA,44,17.7,142,21.5,128,|,|,17.11.8,|,|
,12231,l,,Ӷ,,S쒬쒬,44,17.7,142,38.2,143,10,2.4,#52.10.14,12925,x
,12256,J,,,,S,44,6.4,142,21.2,138,|,|,17.11.10,|,|
,12261,l,m,,mʎs\㓌,mʎs,44,11.2,142,25,135,8,1.5,#52.10.13,|,x
,12266,l,,,mʎs,mʎs,44,7.1,142,35.7,225,10,1.5,52.10.13,|,x
,12301,l,a,ܯ,a,Samo,44,1.7,142,24.6,150,10,1.5,52.10.12,12915,x
,12386,l,]O,,s]O,s]OʒF,43,52.2,142,15.6,140,10,3.2,52.10.11,|,x
,12396,l,z,߯,z,Szk2,43,52.2,142,28.2,164,10,2.5,(50.5.27)52.10.11,|,x
,12411,l,,ж,쒬h,S쒬h,43,50.8,142,45.2,324,10,2.4,#52.10.12,12920,x
,12442,,,˶,s{OP,s{O1@nCۑ,43,45.4,142,22.3,120,47,|,16.9.9,12927,|
,12451,l,,˶޼,,S쒬k,43,42.1,142,30.5,215,10,2.2,52.10.5,|,x
,12457,J,,н,s,s쒬,43,44.2,142,38.3,289,|,|,59.10.8,|,|
,12471,J,w_,ݷ,쒬w_,S쒬w_R,43,45.2,142,55.8,540,|,|,50.5.27,12930,|
,12501,,_y,˶޼,`,S_y2@qCۊϑ,43,40.2,142,26.8,211,10,|,15.1.1,12932,ƁExEC
,12512,l,u,Ų,_yu,S_yu,43,38.6,142,34.9,310,10,1.5,4.10.9,|,x
,12551,l,l,޴,lT,Sl5,43,35.3,142,29.6,250,10,1.5,(50.5.28)52.10.6,12935,x
,12596,l,xǖ,,xǖ,mSxǖ쒬咬,43,27.3,142,27.9,220,10,2.1,52.10.8,|,x
,12607,J,,۶,l,Sl,43,28.5,142,39,658,|,|,59.10.8,|,|
,12626,l,xǖ,,xǖs,xǖs,43,20,142,24,174,9.9,1.5,#51.4.1,12940,|
,12632,l,[,۸޳,xǖs[,xǖs[sXn,43,18.1,142,31.3,315,10,2.3,53.10.25,|,x
,12686,J,R,,xǖ쒬R,mSxǖ쒬Rn,43,8.3,142,25,284,|,|,17.11.17,|,|
,12691,l,,,xǖ쒬,mSxǖ쒬,43,10.1,142,34.1,350,9.9,1.5,52.10.7,12945,|
,12746,l,芥,Ѷ,芥,ES芥,42,58.7,142,23.7,332,10,1.5,52.10.7,12950,x
,15041,l,f,Ų,yf,JSyf,44,16.9,142,9.7,255,10,1.5,53.10.24,15900,x
,15076,l,y,۶Ų,yy,JSyy,44,0.6,142,9.6,159,9.4,1.5,(50.5.28)52.10.28,15905,x
G,13061,l,V,ü,V,VSV,44,53.6,141,45.7,9,10,1.5,#52.10.26,13900,x
G,13086,l,,,,VSʒKa,44,43.1,141,48.4,7,10,1.5,#52.10.26,|,x
G,13121,l,R,,R,ϑOSRʑR,44,31.4,141,46.2,27,10,1.5,52.10.28,13905,x
G,13146,l,ĐK,Է޼,HyĐK,ϑOSHyĐKl,44,25.7,141,25.3,38,8,1.5,52.10.27,|,x
G,13181,,Hy,,HyR,ϑOSHy3@HyʒnCۊϑ,44,21.8,141,42,8,21.6,|,#51.1.1,13907,|
G,13206,J,ÒO,,ϑOÒO,ϑOSϑOÒO,44,15.9,141,43.3,15,|,|,51.8.4,13910,|
G,13261,l,Bz,,Bz,GSBz,44,2.9,141,51.4,30,10,3.4,52.10.31,|,x
G,13277,,G,Ӳ,Gs咬,Gs咬@GʒnCۊϑ,43,56.7,141,37.9,24,16.3,|,55.6.21,13915,|
G,13311,l,,ϼ,,ьSђʊ,43,50.9,141,30.6,20,9.4,1.5,#53.10.24,|,x
G,13321,l,yf,Ƕ,Gsyf,Gsyf,43,51.2,141,45.6,20,10,1.5,52.10.31,13920,x
Ύ,14026,l,lv,Ͻ,Ύslv,Ύslv쉺,43,34.9,141,23.2,3,10,1.5,52.10.12,|,x
Ύ,14071,l,c,,Ύsc,Ύscʎ,43,23.8,141,26.2,5,10,1.5,52.10.12,14900,x
Ύ,14101,l,V,ݼ,V,ΎSVÑ46k,43,13.2,141,38.7,9,10,1.5,#53.10.23,14910,x
Ύ,14116,l,R,ϸ,DysR,DysR,43,8.9,141,13.3,5,10,1.5,#52.10.11,|,x
Ύ,14121,l,Ύ,,ΎsΎ,ΎsU,43,11.6,141,22.2,5,10.1,1.5,2.3.6,14905,|
Ύ,14136,l,],,],]ʎs]ʑ,43,6.6,141,36.1,8,8,1.5,12.10.31,|,x
Ύ,14157,J,R,ò,DysR,DysR,43,5,141,12.1,568,|,|,22.3.24,|,|
Ύ,14163,,Dy,,Dys,Dysk2𐼁@DyǋCۑ,43,3.6,141,19.7,17,|,|,13.9.26,14913,CAJA
Ύ,14163,,Dy,,Dys,Dysk2,43,3.6,141,19.6,17,59.7,|,13.9.26,|,
Ύ,14191,J,,,Dys揬,Dys揬,42,57.8,141,13,230,|,|,#,14915,|
Ύ,14206,l,b듇,ܼ,bs,bs,42,55.6,141,33.9,30,10,1.5,#52.10.13,14920,x
Ύ,14286,l,x┌Δ,º,Ύsx┌Δ,Ύsx┌ΉԊOn,42,46.3,141,24.4,290,10,1.5,#52.10.14,|,x
Ύ,14296,,,ľ,V΋`,ΎsX@V΍q󑪌,42,46.5,141,41.5,22,10,|,15.1.1,14923,ƁExEC
m,15116,l,Ύc,,cΎc,JScΒ,43,48.9,141,55.6,63,10,1.5,#51.4.1,15935,x
m,15156,l,,,,JSʒT,43,46.8,141,57.7,51,7.9,1.5,4.10.31,15940,|
m,15161,l,[,̶,[,[sߒ,43,43.1,142,4.4,55,10,1.5,#52.10.7,15910,x
m,15197,J,J,ح,J,JSJ,43,39.6,141,53.5,42,|,|,17.11.1,|,|
m,15216,J,V,ݼޮ,ʎsV,ʎsV,43,36.7,142,12.2,147,|,|,59.10.5,|,|
m,15231,l,mg,ּ,V\Ð쒬mg,ˌSV\Ð쒬g,43,35.7,141,43.9,100,10,1.5,53.11.2,|,x
m,15241,l,,,,s̐,43,34.2,141,56.3,50,9.9,1.5,#51.4.1,15930,|
m,15247,J,ԕ,,ԕ,ԕsL,43,33.2,142,4,120,|,|,17.10.31,|,|
m,15251,l,,,ʎskQ,ʎsk2,43,31.2,142,11.4,91,10,1.5,#53.10.25,15915,x
m,15276,J,YP,׳,YP,ˌSYPYP,43,25.7,141,48.5,25,|,|,58.8.2,|,|
m,15311,l,`,·,`,ˌS`m,43,19.8,141,37,50,10,1.5,(50.5.16)52.10.6,|,x
m,15321,l,S,޲,S,SskS,43,21.8,141,49.6,16,10,1.5,#52.10.5,15920,x
m,15356,,〈,л,〈sT,〈s5𓌁@〈ʒnCۊϑ,43,12.7,141,47.1,42,22.1,|,#50.4.3,15923,|
m,15391,J,I,ػ,〈sI,〈sI򒬓{,43,7.3,141,44.7,20,|,|,50.6.7,|,|
m,15431,l,,Ŷ,,[S{k,43,0.7,141,41.6,13,10.1,2.5,#52.10.5,|,|
m,15442,l,[,ճ,[s̒J,[s̒JR蒬,43,2.3,141,57.4,293,10.1,1.5,#51.4.1,15925,|
m,15451,J,,,[s,[sxm,43,4.8,142,6,310,|,|,58.8.2,|,|
m,15491,J,̑,ɻ,[s̑,[sm,42,57.6,142,1.2,161,|,|,58.8.2,|,|
u,16026,l,,޸,ϒO,ϒOSϒOD,43,16.3,140,33.8,75,10,1.5,#52.10.25,|,x
u,16061,l,_b,ӴŲ,_b,ÉFS_b_b,43,8.7,140,25.4,50,9.9,1.5,52.10.24,|,|
u,16076,l,]s,ֲ,]s,]sS]sLu,43,10.9,140,45.5,20,10,1.5,#52.10.31,16905,x
u,16091,,M,,M,Ms[@MʒnCۊϑ,43,10.9,141,0.9,25,13.6,|,#50.12.23,16903,|
u,16126,J,Ԉ,,Ԉ,]sSԈ쑺Ԉ,43,5,140,49.2,148,|,|,51.5.12,16900,|
u,16156,l,a,,a,Say,42,58.8,140,36.2,15,10,1.5,#52.10.24,16910,x
u,16206,l,z,ݺ,z,JSzz,42,48.6,140,32.5,39,8,1.5,#52.10.20,16915,x
u,16217,,m,,m,cSm1𓌁@mʒnCۊϑ,42,54,140,45.4,176,30.8,|,3.8.28,16917,|
u,16252,,s,,s,sSsVh@sʒnCۊϑ,42,47.7,140,13.4,33,17.6,|,.9.22,16918,|
u,16272,J,jZR,ƾ,jZR{c,cSjZR{c,42,46.7,140,40,113,|,|,22.3.11,|,|
u,16281,l,^,ϯ,^,cS^둺,42,46.5,140,52.8,440,10,3.3,(50.7.1)53.10.27,|,x
u,16286,l,Ε,,Ε,cSΕʒ,42,47.6,140,56.9,264,10,2.9,#52.10.21,16920,x
u,16321,l,,Ų,,sS,42,39.8,140,18.6,27,10,1.5,#52.10.20,16925,x
ΰ¸,17036,,Y,,Y,ʌSYY@YʒnCۊϑ,44,34.8,142,57.8,14,16.6,|,#50.12.1,17903,|
ΰ¸,17076,l,,,,ʌS,44,28.2,143,6.5,8,9.9,1.5,#52.10.28,|,|
ΰ¸,17091,l,,Ƽ,,ʌS,44,19.9,142,56.1,120,8,2.5,(50.7.1)52.10.28,17900,x
ΰ¸,17112,,,,ʎs삪u,ʎs삪u@ʓʒnCۊϑ,44,20.7,143,21.3,16,13.6,|,58.1.1,17904,|
ΰ¸,17116,,ʏ,ºѶ,ʋ`,ʎs@ʍqCۊϑ,44,18.2,143,24.2,18,10.4,|,15.1.1,17960,ƁExEC
ΰ¸,17166,l,N,ճ,N,ʌSNʒ,44,12.8,143,37.1,5,9.4,2.5,#52.10.26,|,x
ΰ¸,17196,l,,ɳ,,ʌS㒬m㌴5,44,10.6,143,3.7,165,10,2.5,#52.10.27,17905,x
ΰ¸,17211,J,㑔,,ʎs㑔,ʎs㑔,44,11.2,143,20.1,94,|,|,#,|,|
ΰ¸,17246,l,C,ĺ,ksC,ksC,44,6.9,144,2.2,3,10,2.5,#52.10.21,|,x
ΰ¸,17306,l,y,ݶ,yy,ʌSy,44,3.2,143,32.4,80,10,2.5,#52.10.24,17910,x
ΰ¸,17316,l,C,,C,CSCԒx,44,1.1,143,45.6,54,10,2.5,#52.10.21,17915,x
ΰ¸,17341,,ԑ,޼,ԑs,ԑs䒬@ԑnCۑ,44,1,144,16.7,38,20,|,#50.4.1,17917,|
ΰ¸,17351,l,FoC,,ΗFoC,ΗSΗEg,44,3.1,144,58.9,144,10,2.5,(50.5.12)53.10.26,17935,x
ΰ¸,17386,J,ېz,پ,yېz,ʌSyېz,43,57.1,143,19.7,242,|,|,59.10.5,|,|
ΰ¸,17482,l,,,y,ʌSykxN,43,51.9,143,9.2,475,10,2.5,(50.9.25)5.1.27,17955,x
ΰ¸,17501,l,c,,yc,ʌSyc,43,55,143,31.9,199,10,2.5,#52.10.25,|,x
ΰ¸,17512,J,mR,ƺ,ksmR,ksx,43,51.6,143,44.8,261,|,|,17.11.2,|,|
ΰ¸,17521,l,k,,ksL,ksL,43,46.6,143,50.5,104,10.1,2.5,#51.4.1,17925,|
ΰ¸,17531,,,,ʋ`,ԑS󒬏ʒ@ʍqCۊϑ,43,52.8,144,9.8,33,10,|,15.1.1,17965,ƁExEC
ΰ¸,17541,J,,˶޼Ӻ,󒬓,ԑS󒬓,43,50.4,144,17.1,58,|,|,53.7.11,|,|
ΰ¸,17546,l,,н,,ΗS,43,50.5,144,29.1,52,10,1.5,#52.10.19,|,x
ΰ¸,17561,l,Η,,Ηȋv,ΗSΗȋvȓ,43,53.1,144,42,15,10,2.5,#52.10.19,17940,x
ΰ¸,17596,l,A,޼,ksA,ksAa,43,44.5,143,27,325,10,2.5,#53.11.1,17930,x
ΰ¸,17607,l,,,u˒,CSu˒LZ,43,42.4,143,38.6,184,10,2.5,52.10.25,|,x
ΰ¸,17631,l,y,,y,ԑSyZ,43,46.2,144,10.3,60,10.1,1.5,#52.10.20,|,x
ΰ¸,17642,J,R,Ͽ,󒬎R,ԑS󒬓ՎR,43,44.6,144,20.2,361,|,|,22.3.18,|,|
ΰ¸,17686,J,uˏ팳,,u˒팳,CSu˒팳,43,37.2,143,26.4,368,|,|,17.11.8,|,|
ΰ¸,17717,l,Õ,,ÕʒLi,ԑSÕʒLi,43,42.1,144,2,100,10,2.5,63.10.4,17950,x
ΰ¸,17776,J,Õʓ,,Õʒ,ԑSÕʒ,43,35,143,51.9,210,|,|,17.11.4,|,|
,18038,l,P,׳,P,ڗSPh,44,1.4,145,11.2,15,9.9,1.5,17.11.1,18925,|
,18091,J,,ĸ,WÒ,WÌSWÒk,43,43.3,144,59.3,115,|,|,53.7.28,|,|
,18136,l,W,,WÒkQ,WÌSWÒk2,43,39.7,145,7.9,3,10,1.5,#52.10.18,|,x
,18161,l,W,м,WÒW,WÌSWÒW,43,31.2,144,44.8,160,6.5,2.2,15.10.16,|,x
,18171,l,W,Ŷ,WÒu,WÌSWÒu,43,32.6,144,58.7,50,10.1,1.5,#52.10.18,18910,|
,18174,,W,Ŷ,WË`,WÌSWÒk@WÍqCۊϑ,43,34.6,144,57.6,65,10,|,15.1.1,18930,ƁExEC
,18256,l,ʊC,¶,ʊC,tSʊC㒬,43,22.9,145,7.1,23,10,2.2,#52.10.14,18915,x
,18273,,,,sh,sh@ʒnCۊϑ,43,19.8,145,35.1,25,29.2,|,5.8.26,18917,|
,18281,l,[z,ɻ,s[z,s,43,23.6,145,45.5,12,10,1.5,(50.5.29)52.10.13,|,x
,18311,l,,ĺ,s,s,43,13.3,145,13.6,41,10,1.5,52.10.14,18920,x
H,19021,l,쓒,,q쓒,Sq쓒wO,43,37,144,27.4,158,9.5,1.5,#52.10.6,19900,x
H,19051,l,q,ü,q,Sqq,43,30.6,144,28,170,10,1.5,52.10.6,|,x
H,19076,l,Δ,ݺ,HsΔ,HsΉ,43,26.2,144,5,426,9.9,1.5,#52.10.7,19910,x
H,19151,l,W,,WJ^,SWJ^,43,17.5,144,35.2,20,10,1.5,#52.10.11,19915,x
H,19191,l,ߋ,ٲ,ߋ,Sߋߋ,43,13.9,144,19.5,38,6.5,1.5,52.10.5,19920,x
H,19261,l,O,Ŷü,HsO,HsOʒ34,43,11.9,144,8.5,80,10,1.5,#52.10.7,19925,x
H,19281,J,H,ĳ,WH,SWH,43,8.9,144,29.8,25,|,|,58.8.2,|,|
H,19301,J,,Ų,l,݌Sl13,43,10.4,144,58,70,|,|,59.10.1,|,|
H,19311,l,咬,,l咬,݌Sl咬,43,7.2,145,6.6,2,9.6,1.5,52.10.12,|,|
H,19346,J,,,Hs,Hs,43,6.8,144,7.4,40,|,|,#,|,|
H,19347,,ߋu,ٵ,H`,Hsߋu@HqCۊϑ,43,2.4,144,11.5,95,10,|,15.1.1,19935,ƁExEC
H,19376,l,c,,ݒc,݌Sݒc,43,5.4,144,46.7,85,10,1.5,52.10.11,19930,x
H,19406,J,,,Hsʒ,Hsʒʌ,42,58.3,143,52.5,45,|,|,51.6.29,|,|
H,19416,l,f,Ƕ,f,fSf2k,42,58.2,144,3.7,9,10,1.5,#52.10.5,19940,x
H,19432,,H,,HsK,HsK@HnCۑ,42,59.1,144,22.6,5,66.1,|,12.10.5,19950,|
H,19451,l,mw,Ų,Hmw,HSHP䑺mw,42,56.3,144,44.1,149,10.1,1.5,53.10.27,|,|
\,20047,J,O,,myO,͓SmyO,43,30.6,143,8.9,660,|,|,17.11.9,|,|
\,20071,J,,ļ,ʒ,Sʒʖ{ʓ1,43,35.3,143,40.8,313,|,|,58.8.2,|,|
\,20146,l,,ظ,,Sʒʌ,43,28.3,143,45.2,210,10,1.5,#52.10.21,20900,|
\,20186,l,ʂт猹,Ƕ׹ݾݷ,myʂт猹,͓Smyʂт猹򋽖k,43,22,143,11.5,540,9.9,1.5,51.4.1,20910,|
\,20202,J,q,ܸ,񒬔q,S񒬖Ίo,43,21.7,143,27.5,378,|,|,58.8.2,|,|
\,20222,J,㗆p,,񒬏㗆p,S񒬏㗆p,43,19.1,143,48.1,232,|,|,58.10.5,|,|
\,20266,l,my,м,myR,͓Smy3,43,14.5,143,17.7,287,10.1,1.5,#52.10.20,20920,|
\,20276,l,,,񒬓P,S񒬓1,43,14.6,143,33.2,90,10,1.5,#52.10.21,|,x
\,20331,J,,,{ʒ,S{ʒ,43,6.9,143,26.6,104,|,|,58.8.2,|,|
\,20341,l,{,,{ʒV,S{ʒV,43,7.9,143,36,67,10,1.5,#51.3.10,20935,|
\,20356,l,V,ĸ,VS,SV4,43,4.6,142,50.4,178,10,1.5,#52.10.24,20930,x
\,20361,l,,,ǒΒ,͓SǒΒ,43,6.2,142,59.7,206,8,1.5,#53.10.30,|,x
\,20371,l,,,X,͓SXk,43,3,143,11,112,10,1.5,52.10.20,|,x
\,20421,l,莺,,莺,͐S莺3,42,54,143,2.6,90,10,1.5,#52.10.24,20940,x
\,20432,,эL,,эL,эLs4@эL,42,55.3,143,12.7,38,|,|,10.1.28,20943,CAJ
\,20432,,эL,,эL,эLs9,42,54.5,143,13.4,45,11.2,|,10.1.28,|,A
\,20441,l,rc,,rc,Src,42,55.2,143,27.5,42,10,1.5,#52.10.26,|,x
\,20451,J,^,ټ,Yy^,\SYy^,42,55,143,39.7,40,|,|,59.10.1,|,|
\,20506,l,Yy,,Yy,\SYy,42,48.5,143,39.4,20,8.3,1.5,#52.10.27,20945,x
\,20551,,эL,۲,эL`,эLs򒬐9@эLqCۊϑ,42,44,143,13,149,10,|,15.1.1,20955,ƁExEC
\,20556,l,f,ǶŲ,ʒf,Sʒ܈,42,47.2,143,19.7,70,10,1.5,53.10.30,|,x
\,20601,l,D,лŲ,DD,͐SDD1,42,38.5,143,5.8,251,10,1.5,52.10.25,20950,x
\,20606,l,X,,X,͐SXʑXʓ2,42,39.1,143,11.7,185,10,1.5,52.10.25,|,x
\,20631,l,,,L,SLÎ,42,41.2,143,38.8,4,10,1.5,52.10.27,|,x
\,20696,l,,,,LSؒ,42,30,143,16.4,87,10,1.5,#52.10.26,20960,x
\,20751,,L,۵,L,LSLؒʓ@LʒnCۊϑ,42,17.6,143,19,32,20.1,|,#50.12.19,20965,|
_U,21031,J,,,,ES,42,48.8,141,49.7,32,|,|,#,21900,|
_U,21111,l,^,,^,ES^,42,43.8,141,53.3,20,10,1.5,#52.10.5,|,x
_U,21126,l,,,ނ풬,ESނ풬,42,45.7,142,8.6,56,10,1.5,#52.10.5,21905,x
_U,21161,l,,,ɒBs,ɒBs{,42,40.2,141,4.7,390,10,2.5,(50.6.3)52.10.7,21910,x
_U,21171,l,X,,VX,VSVX,42,37.8,141,14.8,170,10,1.5,#52.10.27,|,x
_U,21187,,Ϗq,Ϻϲ,Ϗq,Ϗqs炩Β@ϏqʒnCۊϑ,42,37.4,141,32.8,6,20.2,|,63.6.25,21913,|
_U,21226,l,,,LY,cSLY,42,35.4,140,38.6,4,10.1,1.5,#52.10.11,21915,|
_U,21237,J,Ή,ĳԺݾ,Ή,cSΒΉ,42,33.9,140,48.4,85,|,|,53.12.8,|,|
_U,21251,J,JX,ٽ,oʎsJX,oʎsJX,42,31,141,6.4,300,|,|,60.7.31,|,|
_U,21261,l,V,׵,V,VSV,42,32.6,141,21.1,6,6.5,1.5,#52.10.6,21920,x
_U,21276,l,,Ѷ,ނ풬,ESނ풬L,42,35.4,141,56,10,10,1.5,#53.10.26,|,x
_U,21297,l,ɒB,,ɒBsَR,ɒBsَR,42,28.5,140,50.9,3,10,1.5,#52.10.11,|,x
_U,21312,l,o,,oʎsD,oʎsD,42,27.5,141,7.1,197,10,1.5,#58.8.10,21925,x
_U,21323,,,,,sR蒬@nCۑ,42,18.7,140,58.5,40,18.4,|,#60.7.1,21930,|
,22036,l,,޶,{,S{,42,52.6,142,26.5,280,10,1.5,52.10.19,22900,x
,22072,J,mF,ƾ,撬mF,S撬mF,42,46.3,142,21.5,150,|,|,60.9.25,|,|
,22106,J,,,撬,S撬n,42,37.7,142,23.6,245,|,|,60.9.26,22906,|
,22141,l,,޶,,Sxl,42,29.8,142,3.2,47,9.9,1.5,#51.3.11,|,|
,22156,l,Va,,VVa,VSVVa,42,32.6,142,20,60,10,1.9,#52.10.18,|,x
,22206,J,R,,VЂR,SVЂÓ䉀,42,26,142,28.9,110,|,|,62.10.6,|,|
,22241,l,Ó,Ų,VЂÓ,SVЂÓR蒬,42,20.6,142,21.7,10,9.9,1.5,#52.10.17,22920,|
,22291,l,O,²,VЂO,SVЂOΔa,42,14.7,142,39.7,10,10,1.5,52.10.17,|,x
,22306,l,nP,Ŷȳ,Y͒nP,Y͌SY͒nP,42,13.4,142,56.9,98,10,1.5,53.10.31,22910,x
,22327,,Y,׶,Y͒,Y͌SY͒@Y͓ʒnCۊϑ,42,9.7,142,46.6,37,18.1,|,#58.3.1,22913,|
,22356,J,ڍ,Ҹ,ڍ,ySڍ,42,7.7,143,18.7,7,|,|,53.8.30,22915,|
,22366,J,y,,ly,lSly,42,4.6,143,2.1,0,|,|,53.7.14,|,|
,22391,l,,л,,ySm,41,55.5,143,14.6,63,8.1,1.5,53.12.27,|,|
n,23031,l,,,,RzSh,42,31.4,140,22.9,10,10,1.5,#52.10.12,23900,x
n,23086,l,_,Ը,__,CS_{,42,15.1,140,16.3,8,10,1.5,#52.10.12,23905,x
n,23166,l,X,,X,SXP,42,4,140,35.3,125,8,1.5,14.3.1,23925,x
n,23191,J,,,ђ,TcSђR,41,58.6,140,42.9,165,|,|,#,23910,|
n,23206,l,싂,,َs싂,َs싂,41,54.3,140,58.2,25,10.1,1.5,#52.10.13,|,|
n,23226,l,kl,θ,kl,kls{,41,53.2,140,39.2,25,10,1.5,#52.10.13,|,x
n,23232,,,ʺ,َs,َs@ْnCۑ,41,49,140,45.2,35,25.9,|,4.7.23,23915,|
n,23281,,,,ً`,َs@ٍqCۊϑ,41,46.2,140,49.3,34,10,|,15.1.1,23930,ƁExEC
n,23291,J,ˈ䔑,Ĳ,َsˈ䔑,َs,41,43,141,0.2,20,|,|,15.3.20,|,|
n,23321,J,m,س,m,Sm㗋,41,35.9,140,22.5,24,|,|,16.10.1,|,|
n,23326,l,،Ó,Ų,،Ó,S،Ó{,41,40.8,140,26.2,10,9.9,1.5,(50.4.18)52.10.14,|,|
n,23356,J,猬,ݹ,猬,OS猬,41,33.5,140,16.3,100,|,|,53.7.19,23920,|
n,23376,l,O,ϴ,O,OSO,41,25.4,140,5.2,30,10.1,1.5,#52.10.14,|,|
n,24141,l,F,ϲ,_F,CS_F΍蒬,42,7.7,139,59.1,12,10,1.5,#52.10.18,24905,x
wR,24041,l,,,ȒI,vSȒI{,42,27,139,51.1,10,10,1.5,#52.10.19,|,x
wR,24051,l,,϶,,IS,42,25.7,140,0.5,19,10,1.5,#52.10.19,24900,x
wR,24101,l,K,,K,KSK,42,14.9,139,33.4,5,9.9,1.5,12.1.28,|,|
wR,24156,,ĉ,ȵ,K`,KSKĉ@KqCۊϑ,42,4.3,139,25.9,49,10,|,15.1.1,|,ƁExEC
wR,24166,J,,,,uS,42,2.3,140,5.3,50,|,|,#,|,|
wR,24201,l,G,,򕔒G,wRS򕔒G,41,55.8,140,18.7,53,10,1.5,52.10.18,24910,x
wR,24217,,],,],wRS]W_@]ʒnCۊϑ,41,52,140,7.4,4,19.5,|,54.8.30,24915,|
wR,24236,J,΍,޷,m΍,wRSm΍,41,42,140,1.7,5,|,|,52.10.20,|,|
X,31001,l,,,,kSԒԎT,41,31.6,140,54.7,14,10,2,(50.5.24)51.11.24,31900,x
X,31036,J,,ɶ,ނs,ނs,41,18.8,140,57.4,162,|,|,17.10.21,|,|
X,31111,,ނ,,ނ,ނsȁ@ނʒnCۊϑ,41,17,141,12.6,3,11.1,|,#50.12.10,31903,|
X,31121,l,c,ɻ,ʑc,kSʑc򎚒,41,14.1,141,23.8,6,10,1.5,51.11.22,|,x
X,31136,l,,,,ÌySʒʎ,41,10.8,140,28.9,30,10,1.5,(50.5.21)51.11.16,31905,x
X,31156,l,e,ܷɻ,ނse,ނsej,41,8.7,140,49.3,15,10,1.5,51.11.25,31940,x
X,31186,l,sY,,܏쌴ssY,܏쌴s,41,3.4,140,20.8,20,9.9,2.1,51.11.18,|,|
X,31201,l,Ic,,OlIc,ÌySOlIckP,41,2.7,140,38,5,8.2,1.5,#51.11.17,|,x
X,31296,l,܏쌴,޼,܏쌴,܏쌴s,40,48.5,140,27.5,9,9.9,2,#51.11.19,31910,|
X,31312,,X,,X,Xsԉ@XnCۑ,40,49.3,140,46.1,3,31.8,|,.12.1,31913,|
X,31321,J,aR,,aR,ÌySOqm,40,50.9,140,59.1,137,|,|,50.5.24,|,|
X,31332,l,Ӓn,ͼ,Ӓn,kSӒnL˒䕽,40,53.1,141,9.6,14,10,2,20.11.21,31916,x
X,31336,l,ZP,ۯ,ZP,kSZq,40,53.1,141,16.3,80,8.3,2,57.9.22,|,x
X,31366,l,˃P,޶޻,˃P,ÌyS˃򒬕˒,40,46.6,140,12.3,40,10.1,2,#51.11.22,31945,|
X,31386,,XJ,ص,XJ,Xs厚JJ@XqCۊϑ,40,44,140,41.3,198,10,|,15.1.1,31965,ƁExEC
X,31411,J,,,,kS˒ߎ,40,42.5,141,7.7,57,|,|,52.9.22,|,|
X,31436,,[Y,̶,[Y,ÌyS[Y厚[Y@[YʒnCۊϑ,40,38.7,139,55.9,66,22.2,|,#50.3.22,31923,|
X,31451,J,x,޹,OOsx,OOsՖ쎚̑,40,37.7,140,15.8,438,|,|,51.7.26,|,|
X,31461,l,OO,ۻ,OO,OOsac,40,36.7,140,27.3,30,10,2,#51.3.5,31920,|
X,31466,l,,۲,,ΎsnK,40,40,140,35.1,30,10,2,#51.11.22,|,x
X,31482,l,_P,,Xs_P,Xsr쎚rRLю_,40,38.9,140,50.9,890,10,6,(50.11.27)51.11.15,31925,x
X,31506,l,O,л,O,Os,40,40.5,141,22.5,39,8.1,1.5,#51.11.15,|,x
X,31551,J,k,,k,ÌySk厚IΎ󐣟,40,31.8,140,33.3,63,|,|,22.12.6,|,|
X,31562,J,,ٶ,s,sؖÍX,40,30.9,140,47,404,|,|,58.9.13,|,|
X,31586,l,\ac,,\ac,\acs\ZԒ,40,36.4,141,14,55,10,1.5,#51.11.16,31950,x
X,31602,,,,,ˎsٕ@@˓ʒnCۊϑ,40,31.6,141,31.3,27,|,|,19.3.29,31953,CAJA
X,31602,,,,,ˎsٕ@,40,31.6,141,31.3,26,27.5,|,19.3.29,|,
X,31646,l,P,ض޾,sP,s􃖊ֈ,40,28.9,140,37.2,135,10.1,2,#51.11.24,31935,|
X,31662,l,x,Խ,\acsx,\acs厚\acΔȋx,40,25.6,140,53.9,414,10,2,57.10.15,|,x
X,31671,J,˗,ײ,V˗,OˌSV厚˗m,40,28.1,141,10.6,125,|,|,53.8.21,|,|
X,31721,l,O,,O,OˌSO˒cm,40,23,141,15.4,60,9.9,2,#51.11.28,31955,|
Hc,32056,l,X,,X,R{SX`RL,40,24.8,139,56.9,34,10.1,2,(50.5.24)51.11.27,|,|
Hc,32071,J,,̼޻,,R{SՎ嗎,40,19.2,140,17.6,68,|,|,53.8.22,|,|
Hc,32091,J,w,,َsw,َsw,40,24.2,140,36.5,176,|,|,#,|,|
Hc,32096,J,,̼,⒬,pS⒬,40,21.2,140,46.8,280,|,|,58.9.21,|,|
Hc,32111,l,\,ɼ,\,\sΒ,40,11.9,140,1.9,6,19,2,#51.11.30,32900,x
Hc,32126,l,鑃,ɽ,鑃,kHcs,40,13.6,140,22.3,29,10.3,3,#51.4.1,32905,|
Hc,32136,l,,,,َso쎚,40,15.1,140,30.3,49,10,2.5,#51.11.25,|,x
Hc,32146,l,p,,p,psԗ֎rc,40,12.9,140,47.2,123,10,2.5,#51.11.26,32910,x
Hc,32181,,e_,ܷ,kHcse_,kHcse_Ё@ٔ\qCۊϑ,40,11.5,140,22.3,84,10,|,15.1.1,|,ƁExEC
Hc,32206,l,,վ,ps,psH,40,7.2,140,50.4,214,10,2.5,#51.11.27,|,x
Hc,32266,l,,,ps,psFO8L,40,0.8,140,48.1,578,10,3.5,53.11.7,|,x
Hc,32276,J,j^R,޼ݻ,j^R,jskY쎚P,39,56.3,139,46.9,84,|,|,60.6.11,|,|
Hc,32286,l,j,,j,jse{e{,39,54.7,139,54,20,6.5,1.5,(50.5.23)51.11.24,|,x
Hc,32287,l,劃,,劃,HcS劃劃,40,0,139,57,-3,10,1.5,(50.5.23)51.11.25,|,x
Hc,32296,l,܏,޼ޮ,܏,HcS܏ڒ,39,56.3,140,6.9,6,6.5,2,#51.11.26,32915,x
Hc,32311,l,m,Ʊ,kHcsm,kHcsm,39,59.6,140,24.2,120,6.5,3.5,51.12.7,32920,x
Hc,32312,J,䗧,Ų,kHcs䗧,kHcsmKnR,39,54.2,140,27,210,|,|,51.9.28,|,|
Hc,32376,J,Oؓ,ɷŲ,ksOؓ,ksؒOؓ{c,39,48.7,140,35.1,255,|,|,53.10.12,|,|
Hc,32402,,Hc,,Hc,HcsR@HcnCۑ,39,43,140,5.9,6,40.8,|,.10.30,32927,|
Hc,32407,l,〈O,лŲ,Hcs〈O,Hcs͕ӎOO쌴,39,42.4,140,17.2,41,10.1,2.5,#51.11.25,|,|
Hc,32408,J,m,,Hcsm,Hcsmʎ}^,39,48,140,13,179,|,|,60.6.14,|,|
Hc,32426,J,Z,۲,ksZ,kscΒc򎚊Z,39,46.5,140,39.9,281,|,|,52.7.5,|,|
Hc,32431,J,c΍,ܺ,ksc΍,kscΐۓx,39,46.7,140,45.7,652,|,|,26.8.29,|,|
Hc,32451,,Ya,ճ,HcsYa,HcsYa֐쎚Rā@HcqCۊϑ,39,36.9,140,13.1,93,10,|,15.1.1,32965,ƁExEC
Hc,32466,l,p,,p,kspْcL̍,39,36.2,140,33.4,56,10,2,#51.11.18,32930,x
Hc,32476,l,c,ܺ,c,kscΐۓ{̌,39,41.9,140,43.9,230,6.5,2,#51.11.19,|,x
Hc,32496,l,吳,޲,Hcs吳,HcsYaVg,39,31.6,140,14,20,6.5,2,(50.5.27)51.11.20,32935,x
Hc,32551,l,,϶,,slcÓ,39,29.4,140,29.7,30,10,2,#51.11.17,|,x
Hc,32571,l,{,ݼޮ,{,R{scp,39,21.6,140,3.3,11,6.5,1.5,#51.11.20,32940,x
Hc,32581,l,R,˶޼,R,R{sRVc,39,18.3,140,17.3,117,10,2.5,51.11.17,|,x
Hc,32596,l,,ֺ,,s蒬,39,19.2,140,33.3,59,10,2.5,#51.4.1,32945,x
Hc,32616,l,ɂ,ƶ,ɂ,ɂَsYY,39,15.3,139,54.8,7,10.1,2,#51.11.19,|,|
Hc,32626,l,,Լ,,R{sz,39,14.1,140,8.2,46,10,2.5,#51.11.18,32950,x
Hc,32681,J,q,Ⱥ,R{sq,R{sCq썇,39,6.2,140,17.6,200,|,|,58.9.14,|,|
Hc,32691,l,,ջ,,sJm,39,11.2,140,27.8,74,10,2.5,#51.11.16,32960,x
Hc,32701,J,,˶޼پ,,YScql,39,10.7,140,38.9,191,|,|,51.7.27,|,|
Hc,32771,l,̑,,s̑,sH̋{̑,38,57.6,140,31.7,335,6.5,3,#51.11.15,32955,x
,33006,l,s,Ȳ,m쒬s,ˌSm쒬s21n,40,24.2,141,42,70,6.5,2,#51.11.20,|,x
,33026,l,y,ϲ,y,ˌSyĒ厚ڑ15n,40,19.5,141,28,148,10,2,#51.11.21,|,x
,33071,l,,,,ˎsx쎚n,40,17.9,141,17.9,87,6.5,2,#51.11.22,33905,x
,33086,J,,,m쒬,ˌSm쒬,40,16.9,141,40,200,|,|,50.5.23,|,|
,33136,l,R`,϶,vsR`,vsR`,40,8.9,141,34.3,290,10,2.5,52.10.31,|,x
,33146,l,v,,v,vsv24n,40,10.1,141,44.9,13,9.9,2,#51.11.19,33960,|
,33166,l,r,,sr,sۓc,40,6.2,141,3,290,10.1,2,51.12.14,|,|
,33176,l,R,Ŷ,˒R,ˌS˒qcq,40,3.6,141,13.5,430,10,2,52.10.27,33915,x
,33186,l,,Ϸ,,S7n,40,2.4,141,27.4,418,10,2,#51.12.13,33920,x
,33201,J,ˍ,ĸ,vsˍ,vsRˍ,40,5.1,141,42.7,232,|,|,53.12.21,|,|
,33206,l,,޲,,ɌS㑺13n,40,0.2,141,53,8,9.4,2,51.11.22,|,x
,33226,l,菼,µ,s菼,s,39,57.1,141,3.9,275,10,2,#51.12.1,33910,x
,33231,J,,,蒬,S蒬厚15n,39,58.4,141,10,285,|,|,26.9.3,|,|
,33296,l,D,,sD,sDc,39,52.1,141,10,205,10,2,(50.5.22)51.12.14,|,x
,33326,l,,ܲ,,ɌS򒬊򎚒,39,50.8,141,47.7,105,9.9,2.5,#51.11.24,33965,|
,33336,l,{,,򒬏{,ɌS򒬏{,39,50.8,141,57.8,3,10,2,52.10.26,|,x
,33351,J,c,,Βc,SΒ3n,39,46.6,140,56.7,350,|,|,52.7.5,|,|
,33361,J,,,,sM,39,46.8,141,5.8,210,|,|,17.10.21,|,|
,33371,l,,޶,s,s쎚OR,39,47,141,19.7,680,10,2.5,(50.11.13)51.11.25,|,x
,33421,l,,޸,,SΒ40n犠c,39,41.8,140,58.5,195,8.5,2.5,#51.11.26,33925,x
,33431,,,ص,,sR@nCۑ,39,41.9,141,9.9,155,15.5,|,#50.4.1,33927,|
,33441,l,E,޶,{ÎsE,{ÎsE2n,39,39,141,21.2,734,10,2.5,5.10.7,33955,x
,33472,,{,Ժ,{,{ÎsLP艺@{ÓʒnCۊϑ,39,38.8,141,57.9,43,20.3,|,2.10.18,33933,|
,33486,l,,ܳ,a꒬,aSa꒬L4n,39,32.9,140,50.6,407,10,3,29.7.11,|,x
,33501,l,g,,g,gSg,39,32.8,141,7.6,125,10,2,52.1.1,|,x
,33526,l,,ܲ,{Îs,{Îs,39,35.9,141,40.9,192,6.5,2,52.12.2,|,x
,33566,J,L,ֻ,ԊsL,ԊskLRL,39,28.8,140,58.1,300,|,|,58.11.16,|,|
,33576,,Ԋ,Ϸ,Ԋ,Ԋs3n@ԊqCۊϑ,39,25.7,141,8.1,90,10,|,15.1.1,|,ƁExEC
,33581,l,唗,ʻ,Ԋs唗,Ԋs唗唗13n,39,28.2,141,16.7,150,10,2,#51.11.18,|,x
,33596,J,n,·ӳ,sn,sn㕍n19n,39,27.4,141,30.4,440,|,|,17.10.20,|,|
,33611,J,,,,ɌSƒ,39,26.3,141,48.4,120,|,|,12.11.17,|,|
,33616,l,Rc,,Rc,ɌSRcD}11n,39,27,141,57.4,24,6.5,2,(50.5.22)51.11.19,|,x
,33631,l,c,,a꒬c,aSa꒬X39n,39,18.6,140,46.6,250,9.9,3.5,#51.2.26,33935,|
,33671,l,,ĵ,,s蒬24n,39,20.3,141,32.6,275,10.1,2,#51.11.22,33930,|
,33711,J,,ȶ޻,P,_SP蒬ѐ,39,13.5,141,0.9,170,|,|,17.10.19,|,|
,33716,l,k,,k,ksF,39,17.3,141,6.6,61,6.5,2,#51.12.4,33940,x
,33726,J,ė,Ȼ,Bsė,Bs]hėrc\,39,14,141,18.6,170,|,|,51.9.9,|,|
,33751,l,,ϲ,,Ύs`,39,16.2,141,52.7,5,10,2,#51.11.20,|,x
,33776,l,,ܶŷ,Bs,Bs_q,39,8.4,141,3.8,97,10,2,#51.11.26,|,x
,33781,l,]h,,Bs]h,Bs]hs,39,11,141,9.7,42,10,2,#51.11.25,|,x
,33801,l,Zc,,Zc,CSZccĎ,39,8.5,141,34.4,80,10,2,52.10.20,|,x
,33831,J,^,,֎s^,֎s^,39,0.7,140,51.9,350,|,|,50.5.21,33945,|
,33841,J,ߐ,Ӷ,Bsߐ,Bsߐ쌜c,39,3,141,2.7,75,|,|,50.5.25,|,|
,33856,J,哌,޲ĳ,֎s哌,֎s哌򎚏m,39,2.3,141,17.8,140,|,|,17.10.18,|,|
,33877,,Dn,,Dn,DnsDnԑ@DnʒnCۊϑ,39,3.8,141,42.8,37,22.2,|,#2.3.15,33947,|
,33911,l,,ɾ,,֎s|R,38,56,141,7.5,32,10.1,2,#51.2.15,33950,|
,33921,l,X,,֎sX,֎sXXk,38,55.3,141,19.8,120,10,2,#51.11.27,|,x
{,34012,l,m,,Ism,IsIqkp,38,54.8,140,49.7,525,6.5,2.5,51.11.29,34906,x
{,34026,l,C,,C,CsÒ,38,54.4,141,33.4,62,10,1.5,#51.12.2,|,x
{,34056,J,,޲,Is,Is܋{,38,48.3,140,56.9,33,|,|,13.9.27,|,|
{,34096,l,n,,sn,sq򎚖Hc,38,44.6,140,45.6,170,10,2,51.12.4,34900,x
{,34111,l,z,·,Isz,Iszٍ,38,44.1,141,0.3,25,6.6,2.3,#51.2.23,|,|
{,34171,l,ĎR,,oĎsĎR,oĎsĎR쎚I,38,37.6,141,11.3,5,6.5,2,(50.5.21)51.11.30,|,x
{,34186,l,uÐ,޶,OuÐ,{gSOuÐ쎚,38,40.9,141,26.9,39,10,2,#51.12.1,|,x
{,34206,J,,,,Sܖ򗉌,38,34.3,140,43.6,195,|,|,17.10.21,|,|
{,34216,l,Ð,ٶ,sÐ,sÐ莚x,38,35.9,140,54.7,28,6.6,1.8,#51.12.3,34910,|
{,34241,J,Y,,ΊsY,ΊsYYY,38,31.2,141,27.9,24,|,|,50.5.13,|,|
{,34262,J,Px,ж޹,sPx,s敟xR,38,24.4,140,43.3,630,|,|,17.10.26,|,|
{,34266,l,t,,t,St̕,38,28.4,140,53.3,57,10,1.5,#51.12.3,|,x
{,34276,l,,޲,s,sL̉Y,38,27.6,141,5.5,3,10,2,#51.12.1,|,x
{,34292,,Ί,Ϸ,Ί,Ίs򒬁@ΊʒnCۊϑ,38,25.6,141,17.9,43,28.6,|,2.1.25,34913,|
{,34296,l,,Ŷ,,S쒬{P莚{P,38,26.8,141,27,38,10,1.5,23.5.13,|,x
{,34311,l,V,Ư,sV,stV쎚K,38,18.2,140,38.2,265,10.1,2,#51.11.30,34915,|
{,34331,l,,,,}sɕې,38,20.3,141,0.8,105,10,1.5,(50.5.21)51.11.30,|,x
{,34392,,,޲,,s{ܗց@ǋCۑ,38,15.7,140,53.8,39,52.6,|,#57.3.1,34917,|
{,34436,,,,,sc쌴@q󑪌,38,8.3,140,55,2,9.9,|,15.1.1,34965,ƁExEC
{,34461,l,,۲,,Ύs܎aR,38,0.9,140,36.7,86,10.1,1.7,#51.11.25,34920,|
{,34462,l,,޵,,cS厚򎚓~,38,7.6,140,40.8,112,6.6,1.5,17.10.27,|,|
{,34471,l,j,,j,jSjc,38,1.5,140,51.5,4,10,1.5,#51.11.29,|,x
{,34506,l,ېX,,ېX,ɋSېXږԊڎRV,37,55.9,140,46.7,18,10,1.5,52.11.4,|,x
{,34526,J,M,˯,ېXM,ɋSېXM᎚ac,37,49.6,140,43.7,305,|,|,53.11.10,|,|
R`,35002,l,,޼,cs,cs򓇎Y,39,11,139,32.6,58,20.4,1.6,62.11.10,|,|
R`,35052,,c,,c,csTP@cʒnCۊϑ,38,54.5,139,50.6,3,26.6,|,#59.2.9,35955,|
R`,35056,J,c,,c,csn^q,38,57.9,139,59.9,65,|,|,29.12.20,|,|
R`,35071,l,,,^쒬,ŏS^쒬,38,55.1,140,12,88,9,3.5,#51.11.30,|,x
R`,35086,,l,Ŷ,csl,csl@qCۊϑ,38,48.7,139,47.2,22,10,|,15.1.1,|,ƁExEC
R`,35116,l,R,,R,ŏSRR{,38,52.7,140,19.9,170,10,1.5,#51.11.29,35900,x
R`,35141,l,߉,ٵ,߉,߉sђ,38,44.1,139,49.7,16,10.1,2.5,#51.12.2,|,|
R`,35146,l,,ض,,cS쎚q,38,48,139,58.4,17,10,3,#51.12.2,35905,x
R`,35162,,V,ݼޮ,V,VsJnc@VʒnCۊϑ,38,45.4,140,18.7,105,31.6,|,#60.11.1,35907,|
R`,35171,J,,,ŏ㒬,ŏSŏ㒬x,38,45.3,140,24.8,150,|,|,#,|,|
R`,35176,l,,Ѷ,ŏ㒬,ŏSŏ㒬,38,45.5,140,31,212,10,3.5,(49.12.18)51.11.26,35950,x
R`,35201,J,,޷,,߉sjrj,38,40.3,139,50.9,33,|,|,#,35910,|
R`,35216,l,I,˼޵,呠I,ŏS呠R,38,36.4,140,9.8,330,8.5,1.5,51.11.27,35920,x
R`,35231,l,ԑ,Ż,ԑ,ԑsV,38,36.5,140,24.7,106,8.9,3.2,(50.5.23)51.3.8,35915,|
R`,35246,l,lP,Ƚ޶޾,߉slP,߉slP֎H,38,34,139,33.1,18,10.2,2,(50.5.23)51.12.3,|,|
R`,35256,J,r,׻,߉sr,߉sr򎚎,38,30.5,139,46.9,272,|,|,54.4.11,|,|
R`,35332,l,R,,R,Rs厚vێ,38,27.6,140,20.9,80,6.7,2,14.6.4,|,|
R`,35334,,,˶޼,,s厚HVс@R`qCۊϑ,38,24.7,140,22.2,105,10,|,15.1.1,|,ƁExEC
R`,35361,l,,,쒬,RS쒬򎚒,38,23.4,139,59.6,440,10,1.5,53.12.20,35925,x
R`,35376,l,,׻,],RS]{[,38,22.2,140,11.5,133,6.5,2,#51.12.3,35945,x
R`,35426,,R`,϶,R`,R`sΒ@R`nCۑ,38,15.3,140,20.7,153,14.9,|,#50.3.17,35927,|
R`,35456,l,,Ŷ޲,,sR,38,6.3,140,0.9,210,9,3,#51.12.10,35930,x
R`,35466,J,RR,Ŷ,RR,RsRǉ~,38,7,140,12.8,270,|,|,17.10.25,|,|
R`,35486,l,,,,uS,38,4.7,139,44.1,140,10,4,#51.12.8,35935,x
R`,35511,l,,,,uSvÎΐ쌴,38,0.2,140,12.4,220,10,1.5,51.12.9,|,x
R`,35537,J,Ð,Ŷ¶,іLÐ,uSіLq,37,54.6,139,50.6,390,|,|,56.7.1,|,|
R`,35541,l,,,іL,uSіL,37,59.4,139,57.2,260,10,1.5,#51.11.22,|,x
R`,35552,l,đ,Ȼ,đ,đsAJfBA,37,54.7,140,8.6,245,9.3,2.5,17.12.1,35940,|
,36056,l,Β,,sΒ,sэ⒬Β뎚ꓹ,37,53.5,140,26.2,200,6.5,3,4.10.23,36950,x
,36066,l,,Ŷ,ɒBs,ɒBs쒬쎚c,37,51.1,140,35.3,43,9.4,1.5,#51.12.6,|,x
,36106,l,O,,kO,떃SkO扺,37,43.3,140,3.5,824,9.4,4,53.10.26,|,x
,36127,,,̸,,sؒ@nCۑ,37,45.5,140,28.2,67,|,|,3.3.18,36955,CAJA
,36127,,,̸,,sci,37,46.1,140,26.1,88,12,|,3.3.18,|,
,36151,l,n,,n,nscܘYEG勴,37,47,140,55.5,9,6.5,1.5,#51.12.7,|,|
,36176,l,쑽,,쑽,쑽s,37,39.5,139,51.8,212,10,3.5,#51.12.13,|,x
,36196,l,hq,ܼ,shq,sy򒬎hqRL,37,40.1,140,15.6,1220,6.5,3,51.11.16,|,x
,36221,l,ъ,,ъ,nSъڑє󎚊},37,39.9,140,43.6,463,10,1.5,51.12.4,|,x
,36231,J,,,쑊ns,쑊ns捂,37,38.3,140,59,17,|,|,#,|,|
,36251,l,,Ƽ,,떃SÒ{m,37,35.3,139,39.4,165,10,3.5,(50.5.21)51.11.24,36905,x
,36276,l,c,ܼ,c,떃Sc㒬厚c,37,33.1,140,6.5,519,9.9,3.5,#51.11.30,36910,|
,36291,l,{,,{,{sFv,37,35,140,25.8,235,10,1.5,#51.12.3,|,x
,36307,J,Ó,¼,Q]Ó,otSQ]Ó,37,33.6,140,45.2,400,|,|,52.3.23,|,|
,36342,l,R,,R,SR厚쎚,37,28.4,139,31.7,296,10,4.5,19.12.19,36921,x
,36361,,ᏼ,ܶ,ᏼ,Îᏼsޖؒ@ᏼʒnCۊϑ,37,29.3,139,54.6,212,19.1,|,#50.3.17,36923,|
,36391,l,D,˷,csD,csDDV[@,37,26.1,140,34.6,421,6.5,1.5,#51.12.2,|,|
,36411,l,Q],д,Q],otSQ]厚Ykm,37,29.5,140,57.9,43,10,1.5,#51.12.8,|,x
,36426,l,,,,ÌS,37,20.6,139,18.8,377,10.5,4.5,51.7.20,36915,x
,36461,J,Γ,,SRsΓ,SRsΓ쒬ǎƘV,37,23.3,140,5.4,536,|,|,57.6.18,|,|
,36476,l,SR,,SR,SRsϒcێR,37,22.1,140,19.8,249,6.4,1.5,#51.3.12,|,|
,36501,l,,ܳ,,otSR,37,20.2,140,48.5,410,10,1.5,51.11.30,|,x
,36511,J,x,е,x,otSxl,37,20.8,141,1,50,|,|,#,|,|
,36536,l,싽,ݺ޳,Ò싽,ÌSÒEؕ,37,15.9,139,32.2,494,7.9,4.3,#51.11.19,36925,|
,36562,l,{,,Vh{,␣SVhcǔ,37,16.6,140,3.8,646,9.9,2.5,63.10.5,36945,x
,36571,J,,Ŷ,{s,{sK,37,17.3,140,13.1,317,|,|,53.8.8,|,|
,36581,,ʐ,϶,ʐ,ΐSʐ쑺厚k{͂΂c@qCۊϑ,37,13.6,140,25.6,372,10,|,15.1.1,36965,ƁExEC
,36591,l,V,Ʋ,쒬V,cS쒬Vډ,37,17.2,140,37.5,433,10,1.5,#51.12.1,|,x
,36597,J,O,ϴ,킫sO,킫sOvۓc,37,14.8,140,43.4,492,|,|,26.12.3,|,|
,36611,l,L,,L,otSL쒬kJn,37,14,141,0,43,10,1.5,(50.5.22)51.12.13,|,x
,36641,l,c,,Òc,ÌSÒc,37,12.4,139,47.7,544,10,3,#51.11.18,36935,x
,36667,,,׶,,͎ss@͓ʒnCۊϑ,37,7.9,140,12.9,355,45.3,|,6.1.28,36937,|
,36676,l,ΐ,,ΐ,ΐSΐ쒬o{{,37,8.8,140,27.6,290,10,1.5,#51.11.26,|,x
,36716,l,O},ɴ,O},ÌSw}򑺎͌,37,0.6,139,22.5,973,10,4.5,53.10.31,36940,x
,36726,J,ڊ,ò,Òڊ,ÌSÒˌ,37,5.5,139,31.9,690,|,|,53.8.9,|,|
,36781,J,,,킫s,킫sDԒVc{,37,3.9,140,52.6,12,|,|,#,|,|
,36821,l,,˶޼׶,,S厚Έ䎚Vc,36,56.3,140,24.5,183,6.4,1.5,#51.11.25,|,|
,36836,l,Rc,,킫sRc,킫sRcJ,36,56,140,44,25,10,1.5,21.3.6,|,x
,36846,,l,,l,킫slD@lʒnCۊϑ,36,56.8,140,54.2,3,|,|,#50.3.17,|,CAJA
,36846,,l,,l,킫sl匴F,36,57.8,140,53,5,20,|,#50.3.17,|,
,40041,J,ԉ,ſ,ksԉ,ksؐ쒬ԉ,36,52.1,140,38.2,370,|,|,#,|,|
,40046,l,k,׷,k,ks֓쒬֖{,36,50,140,46.3,5,9.9,1.5,#53.1.18,|,|
,40061,l,q,޲,q,vSqq,36,46.7,140,20.7,120,10,1.5,#53.1.13,|,x
,40066,J,c,ĸ,헤csc,헤csc,36,46.7,140,28.9,270,|,|,52.7.15,|,|
,40076,J,\,ɳ,s\,s\,36,44.6,140,35.6,395,|,|,60.6.5,|,|
,40091,l,헤{,,헤{s㏬,헤{s㏬,36,36.4,140,19.5,95,6.5,1.5,53.12.20,|,x
,40126,J,,Ŷ,헤cs,헤cs쒬,36,30.9,140,28.4,17,|,|,52.7.13,|,|
,40136,l,,,,s,36,34.8,140,38.7,34,10,1.5,(50.5.20)53.1.18,|,x
,40181,J,,޲,}s,}s,36,20,140,2,40,|,|,57.6.23,|,|
,40191,l,},,},}Ԏsc,36,23.7,140,14.4,72,10,1.5,#53.1.31,|,x
,40201,,,,,ˎs@˒nCۑ,36,22.8,140,28,29,14.1,|,#50.3.3,40900,|
,40221,l,É,,É,É͎sk,36,12.1,139,43,20,10,1.5,#53.1.11,|,x
,40231,l,,,}s,}sΓc,36,16.9,139,59.3,24,6.5,1.5,13.12.10,|,x
,40241,J,`,,Ήs`,Ήs`,36,14,140,11.3,27,|,|,50.5.20,|,|
,40251,J,엢,,ʎs엢,ʎs,36,14.2,140,19.5,25,|,|,50.5.20,|,|
,40281,l,,,,Ȏs{I,36,10.1,139,56.7,20,10,1.5,#53.1.11,|,x
,40311,l,gc,κ,gc,gcs[,36,10.1,140,31.6,32,9.9,1.5,53.1.31,|,|
,40326,J,Ⓦ,޳,Ⓦ,Ⓦsӓc,36,2.1,139,53.6,16,|,|,#,|,|
,40336,,,¸,,Ύs@wCۑ,36,3.4,140,7.5,25,20.4,|,2.3.9,40905,|
,40341,l,yY,,yY,yYsؓc],36,6.2,140,13.2,26,10,1.5,#53.1.12,|,x
,40391,J,]ˍ,޻,~s]ˍ,~s]ˍb,35,57.6,140,19.2,25,|,|,50.3.28,|,|
,40406,l,,,,sR,35,57.8,140,37.3,37,10,1.5,#53.1.17,|,x
,40426,l,P,ح޻,P,Ps哿,35,53.4,140,12.7,4,9.4,1.5,(50.5.20)53.12.19,|,x
Ȗ,41011,l,ߐ{,Ž,ߐ{,ߐ{Sߐ{哇,37,7.4,140,2.1,749,6.6,1.5,#52.11.9,41900,|
Ȗ,41076,l,܏\,,s܏\,s܏\x,36,55.3,139,41.7,620,10,1.5,(50.5.20)52.11.10,|,x
Ȗ,41091,l,,۲,ߐ{s,ߐ{s,36,58.9,140,1.1,343,9.9,1.5,#52.12.26,|,|
Ȗ,41116,l,yC,,syC,syC,36,53.5,139,34.1,925,10,1.5,52.11.10,41905,x
Ȗ,41141,l,c,,c,csFc,36,50.4,140,2.1,188,9.9,1.5,#51.2.20,|,|
Ȗ,41166,,,Ư,TΔ,s{K@ʒnCۊϑ,36,44.3,139,30,1292,11.3,|,#50.11.27,41910,|
Ȗ,41172,l,,Ư˶޼,s,sג,36,45,139,36.9,561,10.4,1.5,4.11.16,|,x
Ȗ,41181,l,J,,J,JSJ厚c,36,45.4,139,53,225,10.5,1.5,53.12.21,|,x
Ȗ,41211,J,,,s,s,36,38.8,139,26.9,650,|,|,50.5.20,|,|
Ȗ,41241,J,,Ȼ,,JS򒬏㍂̌,36,36.4,139,59.9,148,|,|,#,|,|
Ȗ,41247,l,ߐ{GR,Ž׽,ߐ{GR,ߐ{GRsXcO,36,38.5,140,7,82,10.5,1.5,21.2.24,|,x
Ȗ,41271,l,,,,s,36,35.5,139,44.1,165,10.5,1.5,#53.1.9,|,x
Ȗ,41277,,Fs{,,Fs{,Fs{sۖ쒬@Fs{nCۑ,36,32.9,139,52.1,119,49.4,|,.12.20,41915,|
Ȗ,41311,J,,޳,s,sL㒬,36,25.9,139,35.4,120,|,|,#,|,|
Ȗ,41331,l,^,ӵ,^,^sĒJ,36,28.6,139,59.2,91,10,1.5,#53.1.10,|,x
Ȗ,41356,J,,,,sw,36,20.5,139,27.7,35,|,|,#,|,|
Ȗ,41361,l,,,,sc,36,21.8,139,34.2,68,10.8,1.5,(50.5.20)53.1.9,|,x
Ȗ,41371,J,Ȗ,,Ȗ,Ȗ؎s䒬,36,22.4,139,42.2,65,|,|,#,|,|
Ȗ,41376,l,R,,R,Rso,36,20.3,139,49.8,44,15.8,1.5,#53.1.10,|,x
Qn,42046,l,,̼,݂Ȃݒ,S݂Ȃݒq,36,51.8,139,3.5,700,9.9,4,52.11.11,42900,|
Qn,42091,l,݂Ȃ,Ŷ,݂Ȃݒ,S݂Ȃݒ,36,46.4,138,57.9,524,10,3,(50.5.20)52.12.23,42905,|
Qn,42106,J,Еi,,Еi,SЕic,36,46.3,139,14.3,861,|,|,52.7.19,|,|
Qn,42121,l,,,,ȌSÒ,36,37,138,35.5,1223,7.5,2.5,#52.12.23,42910,x
Qn,42146,l,c,,c,csy㒬,36,40.1,139,1.3,390,9.9,1.5,#52.12.21,|,|
Qn,42186,l,V,Ŷɼޮ,V,ȌSV𒬈ɐ,36,35.2,138,51,354,10,1.5,(50.5.20)52.12.21,|,x
Qn,42221,l,c,,ڗc,ȌSڗc,36,27.8,138,27.8,1230,10,2,#52.12.22,|,x
Qn,42241,J,YR,Ż,sYR,sYΒmb,36,28.3,138,52.4,1088,|,|,#,|,|
Qn,42251,,O,ϴ޼,O,Osa@OnCۑ,36,24.3,139,3.6,112,|,|,#50.2.27,42915,CAJ
Qn,42251,,O,ϴ޼,O,OsВ,36,23.2,139,2.3,112,12.6,|,#50.2.27,|,A
Qn,42261,J,ۍ,,ːsۍ,ːsۍ,36,30.1,139,17,285,|,|,53.6.16,|,|
Qn,42266,l,ː,ح,ː,ːsh,36,24.6,139,19.5,117,10,1.5,#51.2.5,|,x
Qn,42286,l,㗢,л,s㗢,s㗢,36,22.6,138,53.7,183,6.5,1.5,#52.12.19,|,x
Qn,42302,l,ɐ,,ɐ,ɐs{q,36,19.9,139,9.9,64,12,1.5,10.7.27,|,x
Qn,42326,l,q,ƼϷ,mcq,ÊySmcq,36,14.7,138,42.4,375,10,1.5,#52.12.20,|,x
Qn,42341,J,,̼޵,,s,36,14.5,139,4.2,95,|,|,#,|,|
Qn,42366,l,ٗ,Լ,ٗ,ٗюsxm,36,14.4,139,30.8,23,10.1,1.5,#53.12.22,|,x
Qn,42396,l,_,,__,S_厚c䓹,36,6.5,138,53.8,357,8.5,1.5,52.11.17,|,x
,43051,l,,ز,,嗢S񋏒厚܌,36,6.3,139,11,128,10,1.5,(50.5.17)52.12.19,|,x
,43056,,FJ,϶,FJ,FJs@FJnCۑ,36,9,139,22.8,30,16.7,|,#50.3.3,43905,|
,43091,J,gc,ּ,sgc,sgc,36,3.2,138,58.8,275,|,|,52.8.25,|,|
,43121,J,,ɽ,,s,36,3.9,139,31.3,15,|,|,50.6.11,|,|
,43126,l,v,,v,vsZ,36,5.2,139,38.1,12,10,1.5,#52.12.20,|,x
,43151,J,O,,sO,sO,35,55.6,138,55.4,975,|,|,50.5.16,|,|
,43156,,,,,s㒬@ʒnCۊϑ,35,59.4,139,4.4,232,17.2,|,#50.11.28,43900,|
,43157,J,YR,,sYR,sYR,35,55.2,139,4.2,400,|,|,52.6.28,|,|
,43162,J,Ƃ,ķ,Ƃ,SƂ풬厚쎚{V,35,59.4,139,12.4,295,|,|,12.4.28,|,|
,43171,l,R,,R,SR厚ԏ,35,59.1,139,20.1,44,6.5,1.5,52.12.22,|,x
,43231,J,є\,ɳ,є\,є\s,35,50.3,139,19.3,84,|,|,#,|,|
,43241,l,,,܎s,܎s厚h,35,52.5,139,35.2,8,9.9,1.5,#52.12.22,43910,|
,43256,l,zJ,,zJ,zJs厚kJ,35,53,139,45.4,3,10,1.5,#52.12.20,|,|
,43266,l,,ĺۻ,,sy,35,46.4,139,24.8,119,10,1.5,(50.6.11)52.12.21,|,x
,44046,l,͓,޳,͓,S,35,47.5,139,3,530,9.9,1.5,#51.12.15,|,|
,44051,J,,,w,Sw,35,44.1,139,7.4,420,|,|,52.8.2,|,|
,44056,l,~,,~sV,~sV,35,47.3,139,18.7,155,10,1.5,(50.5.16)51.12.14,|,x
,44071,l,n,,nΐ_,nΐ_,35,44.3,139,35.5,51,11.3,1.5,24.12.26,|,x
,44112,l,q,,qs{,qs{,35,40,139,19,123,49.8,1.5,58.9.30,|,x
,44116,l,{,,{sK,{sK,35,41,139,29,59,9.3,1.5,51.12.14,|,x
,44126,J,cJ,,cJ扪{,cJ扪{,35,37.6,139,37.2,35,|,|,#,|,|
,44132,,,ĳ,ck̊ی,ck̊ی@ǋCۑ,35,41.5,139,45,25,|,|,19.11.1,44900,CAJ
,44132,,,ĳ,ck̊ی,ck̊ی,35,41.5,139,45.1,20,35.3,|,19.11.1,|,A
,44136,l,]ːՊC,޶ݶ,]ːՊC,]ːՊC,35,38.3,139,51.8,5,10.2,1.5,#51.12.13,|,x
,44166,,Hc,,cHc,cHc`@qnCۑ,35,33.2,139,46.8,6,10,|,#5.10.12,|,ƁExEC
,44172,,哇,,哇,哇Ƃ̏@哇ʒnCۊϑ,34,44.9,139,21.7,74,27.1,|,3.12.18,|,|
,44173,,哇kmR,Ϸ,哇k̎R,哇k̎R@哇qCۊϑ,34,46.9,139,21.6,38,9,|,15.1.1,|,ƁExEC
,44191,J,,ļ,,,34,31.7,139,16.9,100,|,|,26.7.25,|,|
,44207,,V,Ʋ,V쌴,V쌴@VqCۊϑ,34,22.1,139,16.1,29,10,|,15.1.1,|,ƁExEC
,44216,,_Ó,޼,_Ó`,_Ó@_ÓqCۊϑ,34,11.3,139,8,138,10,|,15.1.1,|,ƁExEC
,44226,,O,Թ,O_,O_@OʒnCۊϑ,34,7.4,139,31.2,38,13.2,|,#50.12.10,|,|
,44228,,Oؓc,Թ,Oؓc,Oؓc@OqCۊϑ,34,4.4,139,33.6,20,6.5,|,12.9.11,|,ƁExEC
,44262,,d,Դж,䓇d,䓇䒬ꋽ@䓇qCۊϑ,33,6.9,139,47.1,92,10.3,|,15.1.1,|,ƁExEC
,44263,,䓇,ޮ,䓇,䓇䒬ꋽ@䓇ʒnCۊϑ,33,7.3,139,46.7,151,|,|,50.3.13,|,CAJ
,44263,,䓇,ޮ,䓇,䓇䒬ꋽ,33,6.2,139,47,74,18.1,|,50.3.13,|,A
,44281,J,,޼,,,32,28,139,45.6,272,|,|,26.7.31,|,|
,44301,,,,,}@Cۊϑ,27,5.5,142,11.4,3,15.8,|,61.3.18,|,|
,44316,J,꓇,ʼ,꓇,}꓇]c,26,38.1,142,9.7,32,|,|,19.8.29,|,|
,44356,,쒹,ؼ,,}쒹@쒹Cۊϑ,24,17.3,153,59,7,15.8,|,22.6.1,|,|
É,50066,,xmR,̼޻,,xm{sxmR@xmRʒnCۊϑ,35,21.6,138,43.6,3775,|,|,16.8.26,|,CA
t,45061,l,䑷q,޺,䑷q,䑷qsVؖ,35,51.8,140,6.6,20,10,1.5,22.3.11,|,x
t,45081,l,,,,s卪,35,51.5,140,30.1,37,7.8,1.5,11.10.12,|,|
t,45086,J,,ĳɼ,,S,35,47.7,140,40.9,52,|,|,#,|,|
t,45106,l,D,޼,D,Ds~,35,42.7,140,2.6,28,7.9,1.5,11.8.3,|,x
t,45116,l,q,,q,qsp~O,35,43.7,140,12.7,5,10.3,1.5,(50.4.16)53.12.18,|,|
t,45121,,c,,c,csÍO@cqnCۑ,35,45.8,140,23.1,41,10,|,15.1.1,|,ƁExEC
t,45147,,q,,q,qs@qnCۑ,35,44.3,140,51.4,20,28.2,|,61.8.22,45900,|
t,45181,l,Ō,ֺ˶,Ō,RSŌ{,35,39.3,140,30.3,5,10,1.5,(50.5.16)53.1.10,|,|
t,45212,,t,,ts,ts撆`@tʒnCۊϑ,35,36.1,140,6.2,3,47.9,|,56.3.30,45905,|
t,45261,l,Ό,,Ό,Όst,35,26.2,140,17.6,11,10,1.5,#53.1.11,|,|
t,45282,l,؍X,,؍X,؍XÎs,35,21.7,139,56.4,60,10,1.5,18.9.22,|,|
t,45291,l,v,,ssv,ssđ,35,23.8,140,8.9,30,9.4,1.5,53.1.11,|,|
t,45326,l,┨,,NÎs┨,NÎs┨,35,14.1,140,5.9,120,10,1.5,53.1.12,|,|
t,45331,J,命,,命,΋S命쒬,35,15.1,140,12.9,70,|,|,50.5.16,|,|
t,45346,J,,,,[S쒬Z,35,7.3,139,50.2,10,|,|,#,|,|
t,45361,l,,Ӷ,,s,35,6.7,140,6,5,9.9,1.5,#53.1.13,|,|
t,45371,,Y,³,Y,Ysn@YʒnCۊϑ,35,9,140,18.7,12,15.2,|,#50.12.7,|,|
t,45401,,َR,,َR,َRs{@َRʒnCۊϑ,34,59.2,139,51.9,6,21.8,|,#50.3.12,|,|
_ސ,46001,J,͌,к,͌s͌,͌s΋^,35,36.8,139,11.6,188,|,|,#,|,|
_ސ,46046,J,͌,,͌s,͌s撆,35,34.3,139,22.2,149,|,|,50.5.16,|,|
_ސ,46061,J,g,ּ,ls`kg,ls`kg,35,33.1,139,39,57,|,|,50.5.16,|,|
_ސ,46076,J,O,ݻܺ,RkO,SRk_c,35,24.6,139,2.6,330,|,|,51.5.26,|,|
_ސ,46091,l,CV,,CV,CVsVc,35,26,139,23.2,18,6.5,1.5,#53.1.17,|,x
_ސ,46106,,l,ֺ,lsR蒬,lsR蒬@lnCۑ,35,26.3,139,39.1,39,19.8,|,#50.3.8,46900,|
_ސ,46136,J,,¶,,ˎs,35,20.7,139,18.3,20,|,|,50.5.16,|,|
_ސ,46141,l,ғ,¼޳,sғ,sғC,35,19.2,139,27,5,9.9,1.5,4.2.10,|,|
_ސ,46161,J,,ʺ,,Sm,35,13.3,139,2.5,855,|,|,#,|,|
_ސ,46166,l,c,,c,cs,35,16.6,139,9.3,14,9.9,1.5,(50.5.16)53.1.17,|,|
_ސ,46211,l,OY,г,OY,OYs{c,35,10.7,139,37.8,42,9.9,1.5,#53.1.20,|,|
,48031,l,򉷐,ɻܵݾ,򉷐,S򉷐򑺑厚L쌴,36,54.7,138,26.5,576,10,3,#53.11.16,48900,x
,48061,l,MZ,,MZ,㐅SMZێR,36,48.5,138,11.8,685,9.5,3,#53.11.17,48905,x
,48066,l,юR,,юR,юRs厚юR哹,36,52.5,138,22.5,313,9.9,3,#53.11.16,48910,|
,48097,J,J,,J,k܌SJ厚y,36,49.3,137,55.8,550,|,|,58.10.13,48915,|
,48141,l,n,ʸ,n,k܌Snk,36,41.9,137,51.7,703,10,3,#53.11.21,48920,x
,48146,J,S,Ż,sS,sS,36,41.3,137,57.9,778,|,|,52.6.29,|,|
,48156,,,Ŷ,s,s@nCۑ,36,39.7,138,11.5,418,18.8,|,#50.3.24,48925,|
,48172,J,}x,޹,R}x,㍂SR厚RcRc,36,39.9,138,27.5,1473,|,|,54.7.12,|,|
,48191,l,咬,,咬,咬s咬,36,31.4,137,49.9,784,10,2,#53.11.20,48930,x
,48196,l,MBV,ݼ,sMBV,sMBVqc,36,32.9,137,59.8,509,9.5,1.5,#53.11.17,|,x
,48216,l,,޲,cs,cs,36,31.9,138,19.5,1253,10,2,(50.5.14)53.11.15,48935,x
,48247,J,,˼غ,ё,}SёnR,36,29.2,138,4.1,985,|,|,54.7.19,|,|
,48256,l,c,,cs×,cs×,36,24,138,15.9,502,6.5,1.5,#51.3.16,|,|
,48296,l,䍂,,ܖs䍂,ܖs䍂,36,20.6,137,52.9,540,10,1.5,#53.11.21,|,x
,48321,l,,ĳ,,sV,36,23,138,23,958,10,1.5,(50.5.14)53.12.1,|,x
,48331,,y,ٲ,y,kvSy򒬑厚Ǖ@yʒnCۊϑ,36,20.5,138,32.8,999,|,|,#50.12.2,48938,CAJ
,48331,,y,ٲ,y,kvSy򒬑厚q,36,20.1,138,33.8,950,18.5,|,#50.12.2,|,A
,48346,J,㍂n,к,{s㍂n,{s܏㍂nL,36,14.9,137,38,1510,|,|,50.5.14,|,|
,48361,,{,,{s,{s򑺁@{ʒnCۊϑ,36,14.8,137,58.2,610,17.6,|,#50.3.12,48936,|
,48363,,{,Ĳϲ,{`,{s厚`@{qCۊϑ,36,10,137,55.3,658,10,|,15.1.1,|,ƁExEC
,48371,J,,,cs,cs,36,18.1,138,8.2,721,|,|,#,|,|
,48381,l,,ü,,kvSȒc,36,16.3,138,18.8,715,10,1.5,53.12.1,|,x
,48386,l,v,,vs,vs,36,14.8,138,28.6,683,10,1.5,#53.12.1,|,x
,48436,J,,׶޺,s,skR,36,6.3,138,13.7,1440,|,|,16.9.9,|,|
,48466,l,ސ,Ŷ,{sސ,{sސ,36,5.3,137,41,1068,10,2,53.11.22,|,x
,48491,,zK,,zK,zKsΊݒʂ@zKʒnCۊϑ,36,2.7,138,6.5,760,|,|,50.12.4,48937,CAJ
,48491,,zK,,zK,zKs,36,2.4,138,6.1,759,10.8,|,50.12.4,|,A
,48516,J,k,,k,썲vSkؑu,36,4.3,138,36.7,1185,|,|,16.9.8,|,|
,48531,l,Jc,޺,ؑ]Jc,ؑ]Sؑ]Jc,35,56.3,137,36.1,1130,9.9,2,53.11.24,48940,|
,48536,l,ؑc,,ؑc,ؑ]Sؑc,35,56.2,137,47.2,985,11.3,1.5,ߌ.9.5,|,x
,48546,l,C,,C,ɓߌSC쒬,35,59,137,59,732,10,1.5,53.11.30,|,x
,48556,J,,ĵ,ɓߎs,ɓߎs,35,57.2,138,6.5,1075,|,|,16.9.9,|,|
,48561,l,,,,zKS,35,58.2,138,13.2,1017,10,1.5,#53.11.27,|,x
,48571,l,ӎR,,qӎR,썲vSqӎR,35,56.9,138,28.3,1350,10,1.5,#53.11.15,|,x
,48601,J,ԎR,,ꑺԎR,ؑ]SꑺxL,35,52.3,137,30.2,2195,|,|,51.7.1,|,|
,48606,l,ؑ],̸,ؑ]ؑ],ؑ]Sؑ],35,50.4,137,41.3,750,8.2,1.5,51.3.25,|,|
,48621,l,ɓ,,ɓߎsVc,ɓߎsVc,35,49.5,137,57.3,633,10,1.5,5.2.25,|,x
,48681,J,{c,޺,{c,ɓߌS{c,35,46.4,137,53.1,1660,|,|,#,|,|
,48691,J,,޼,ɓߎs,ɓߎsJ,35,43.6,138,5.6,905,|,|,58.6.23,|,|
,48716,J,{,,K{,ؑ]SK{a,35,41.9,137,41.5,535,|,|,#,|,|
,48717,l,ؑ],ŷ޿,ؑ],ؑ]Sؑ]Ǐ,35,36.6,137,37.2,560,10,1.5,(50.5.20)53.11.24,|,x
,48731,l,ѓ,,ѓ,ɓߌSѓv,35,39.2,137,53.9,728,10,1.5,#53.11.28,|,x
,48737,J,厭,,厭,ɓߌS厭͌,35,33.4,138,2.4,718,|,|,58.6.14,|,|
,48767,,ѓc,,ѓcsH,ѓcsH@ѓcʒnCۊϑ,35,31.4,137,49.3,516,36.1,|,14.5.27,48945,|
,48826,l,Q,б,qQ,ɓߌSqQ,35,22.4,137,41.5,940,10,1.5,53.11.28,|,x
,48836,J,,,,ɓߌS쒬,35,18.8,137,48.7,610,|,|,53.12.26,|,|
,48841,l,MZ,м,ѓcsMZ,ѓcsMZac쐣,35,19.3,137,55.9,407,9.5,1.5,53.12.1,|,x
R,49036,l,,,kms,kms򒬒J,35,51.7,138,23.2,867,10,1.5,(50.5.20)52.12.23,|,x
R,49052,J,,Һ,Rsqu,Rsqu,35,48.4,138,39.3,1465,|,|,20.10.21,|,|
R,49086,l,B,׻,B,Bs呐,35,41.6,138,26.9,341,6.6,1.5,(50.5.20)52.12.23,|,x
R,49142,,b{,,b{,b{sѓc@b{nCۑ,35,40,138,33.2,273,26.9,|,5.3.18,49900,|
R,49151,l,,,bBs,bBs,35,39.8,138,43.5,394,9.5,1.5,#52.12.22,|,x
R,49161,l,匎,·,匎,匎s匎,35,36.5,138,56.3,364,9.9,1.7,#52.12.22,|,|
R,49172,J,쌴,,쌴,쌴s,35,37.2,139,6.3,187,|,|,27.2.18,|,|
R,49187,J,xm,̼޶,xm쒬ŏ,싐Sxm쒬ŏ,35,33.7,138,26.9,295,|,|,25.3.14,|,|
R,49196,l,Ê,پ,b{sÊ,b{sÊ֒,35,31.7,138,36.9,552,10.3,1.5,#53.11.13,|,x
R,49236,l,ؐ,ز,gؐ,싐Sgؐ,35,28,138,26.5,226,10,1.5,52.12.26,|,x
R,49251,,͌,ܸ,͌,sSxm͌ΒDÁ@͌ΓʒnCۊϑ,35,30,138,45.6,860,15.1,|,#50.12.6,49905,|
R,49256,l,R,Ŷ,RΑ,sSRΑR,35,26.2,138,50.2,992,6.5,2,#52.12.27,|,x
R,49316,l,암,,암,싐S암암,35,17.3,138,26.7,141,9.2,1.5,#52.12.26,|,|
É,50056,J,,ײ,xm{s,xm{s,35,18.7,138,34.7,530,|,|,#,|,|
É,50106,l,,,És,És,35,13,138,13.3,755,10,1.5,53.12.25,|,|
É,50112,J,L,ĳ,ÉsL,ÉsL,35,12.4,138,22.1,585,|,|,2.1.28,|,|
É,50136,l,a,,a,as,35,18.3,138,55.6,472,10.1,1.5,#51.11.29,|,|
É,50196,l,xm,̼,xm,xms,35,11.1,138,39.8,66,9.9,1.5,#53.12.26,|,|
É,50206,,O,м,O,Os{@OʒnCۊϑ,35,6.8,138,55.5,21,15.8,|,#50.12.13,|,|
É,50211,O,MCɓR,в޻,MCɓR,ÉMCsɓR,35,6.9,139,5,144,5.5,1.5,3.7.7,|,Վϑ
É,50226,l,v,,lsv,lsV捲vԒY,35,3.4,137,45.7,150,10,1.5,(50.5.13)53.12.20,|,|
É,50232,J,t,,lst,lsVt쒬ܘa,35,0.7,137,56.7,486,|,|,28.9.28,|,|
É,50241,l,썪{,,썪{,YS썪{c,35,6.1,138,7.7,290,9.9,1.5,#53.12.22,|,|
É,50247,J,,ޱ,És,És挮,35,2.9,138,14.8,160,|,|,3.3.26,|,|
É,50261,l,,н,És,És拻Ò,35,3.2,138,31.3,3,8.4,1.5,53.1.18,|,|
É,50281,,ԑ,,MCsԑ,MCsԑ@ԑʒnCۊϑ,35,2.7,139,5.5,67,12.5,|,#50.12.16,|,|
É,50296,J,F,,lsF,lsVF,34,57.5,137,44,375,|,|,51.6.25,|,|
É,50317,J,R,Ȼ,}sR,}s˒J,34,58.5,138,11.8,415,|,|,21.12.18,|,|
É,50331,,É,޵,É,Ésx͋ȋ@ÉnCۑ,34,58.5,138,24.2,14,16,|,#50.3.23,50900,|
É,50371,J,O,Я,lsO,lskOO,34,48.1,137,33.4,2,|,|,50.5.13,|,|
É,50386,l,V,ح,lsV,lsVD,34,53.4,137,48.8,61,10,1.5,#53.12.21,|,|
É,50391,J,Oq,и,XOq,qSXOq,34,53.7,137,56.4,114,|,|,57.9.29,|,|
É,50416,J,y,Ĳ,ɓsy,ɓsc,34,52.6,138,45.7,92,|,|,2.7.10,|,|
É,50426,J,P,ն޼,ɓs,ɓssR,34,54,138,55.5,165,|,|,#,|,|
É,50427,J,VR,Ϸ޻,ɓsVR,ɓsVR,34,52.3,139,1.4,1066,|,|,#,|,|
É,50456,,l,,ls,ls捂u@lʒnCۊϑ,34,45.2,137,42.7,46,16.8,|,#50.3.19,|,|
É,50466,J,|,,|,|sJ,34,46.1,137,59.7,32,|,|,50.5.13,|,|
É,50476,l,eqV,Ϸ,eqV,esq,34,47.1,138,8.3,191,10.1,1.5,53.12.21,|,|
É,50477,,É`,޵,É`,qVs@ÉqCۊϑ,34,47.7,138,11.3,132,10,|,21.6.4,|,ƁExEC
É,50491,l,,»޷,,ΌS蒬],34,45.3,138,47,4,10,1.5,#53.12.27,|,|
É,50506,l,,,ɓ,ΌSɓ,34,46.9,139,2.9,130,10,1.5,#53.12.27,|,|
É,50536,l,֓c,,֓c,֓cs쓇,34,41.5,137,52.8,1,10.2,1.5,53.1.19,|,|
É,50551,,O,ϴ޷,O,OsO@OʒnCۊϑ,34,36.2,138,12.8,45,16,|,#50.12.11,|,|
É,50561,,ΘL,۳޷,ɓΘL,ΌSɓΘLΎR@ΘLʒnCۊϑ,34,36.2,138,50.5,52,15,|,#50.3.26,|,|
m,51011,J,{,,{sH,{sH쎚ғc,35,17.9,136,51.2,11,|,|,#,|,|
m,51031,l,,,s],s]쌴,35,13,136,41.9,5,10.4,1.5,54.1.11,|,|
m,51056,J,,,Lcs,Lcs㕽,35,13.7,137,17.1,290,|,|,52.7.1,|,|
m,51071,l,,,LcsX\KGg,LcsX\KGg,35,12.7,137,30.4,505,10,1.5,(50.5.12)54.1.9,|,|
m,51077,J,PR,,LPR,k݊ySL厚Fꎚ䏊,35,13.2,137,39.6,1216,|,|,17.12.8,|,|
m,51096,J,I],ƴ,I]I],CSI]I]{Nm,35,8.2,136,47.5,2,|,|,50.5.12,|,|
m,51106,,É,ź,És,Ésa@ÉnCۑ,35,10,136,57.9,51,17.8,|,#50.3.19,51900,|
m,51116,l,Lc,,Lcs,LcsR,35,7.9,137,10.6,75,6.6,1.5,#54.1.9,|,|
m,51192,J,,޳,Lcs,LcsLc,35,4.7,137,24.8,613,|,|,17.12.5,|,|
m,51216,l,{,,{,{sX,34,59.7,136,56.6,32,10,1.5,24.10.17,|,|
m,51226,l,,޷,s,sn,34,55.1,137,11.6,47,6.4,1.5,#54.1.9,|,|
m,51241,J,,¸,Vs荂،ˌ,Vs荂،ˌ,34,58.6,137,25.5,532,|,|,#,|,|
m,51247,l,V,ݼ,Vsx,Vsx򎚍L,34,54.4,137,31.1,53,6.4,1.5,14.12.25,|,|
m,51261,,ZgA,ڱ,튊sZgA,튊sZgA@qnCۑ,34,51.5,136,48.3,4,10,|,17.2.17,|,ƁExEC
m,51271,J,F,,sF,sFFɓߌ,34,48.7,137,1.7,12,|,|,#,|,|
m,51281,l,S,Ϻ޵,Ss_m,Ss_m㖼,34,50.7,137,13,55,10,1.5,54.1.10,|,|
m,51311,l,m,,mLu,mSm厚Lul,34,44.4,136,56.3,16,6.5,1.5,(50.5.12)54.1.10,|,|
m,51331,l,L,ʼ,Ls_Vc,Ls_Vcm,34,45,137,20.5,3,6.5,1.5,17.12.6,|,|
m,51346,,ɗǌ,׺,csɗǌ,cs]ܘY@ɗǌΓʒnCۊϑ,34,37.7,137,5.6,6,10.7,|,#50.12.16,|,|
m,51356,J,c,,cs,cs,34,37.6,137,13.3,45,|,|,#,|,|
,52041,l,͍,ܲ,ˎs͍,ˎs͍p,36,18.3,137,6,471,10,3.7,53.11.18,52900,x
,52051,l,_,е,ˎs_,ˎs_a,36,19.3,137,18.5,455,10,2,53.11.20,52905,x
,52081,l,,׶,쑺,S쑺Jk,36,16.4,136,53.8,478,10,4,53.11.17,52910,x
,52111,l,Ȕ,,RsȔ,Rsˉ򋽍,36,14.9,137,30.2,765,10,1.5,(50.5.30)53.11.20,|,x
,52131,J,,,쑺,S쑺q,36,8.8,136,54.5,640,|,|,57.6.22,|,|
,52137,J,,,Rs,RsJ,36,10.8,137,2.7,740,|,|,2.12.21,|,|
,52146,,R,,R,Rsː@RʒnCۊϑ,36,9.3,137,15.2,560,18.1,|,#50.4.1,52913,|
,52152,J,O,ƭ,RsO,RsO쒬Zc,36,11.2,137,22.3,910,|,|,2.12.26,|,|
,52173,J,Ђ邪,ٶ,SsЂ邪,SshЂ邪,36,0.6,136,53.6,885,|,|,2.12.20,|,|
,52181,l,ZX,,RsZX,Rs쒬ZX,36,3.6,137,2.1,1015,10,2.8,53.11.16,|,x
,52192,J,DR,,RsDR,RsvX쒬,36,2.1,137,15.6,880,|,|,14.10.8,|,|
,52196,l,{VO,ϴ,Rs{VO,Rs{VO,36,0.9,137,23.3,930,9.4,2,53.11.21,|,x
,52221,l,,Ŷ,Ss,SsꎚO,35,55.4,136,49.9,430,9.9,2.8,53.11.11,52915,|
,52286,l,,ʷ,Cs,CsH,35,53.3,137,12.4,425,10.1,1.5,#51.3.3,|,|
,52321,J,֎s,,֎s,֎s,35,43.4,136,47,351,|,|,17.12.5,|,|
,52331,l,,,Ss,SscK,35,45.4,136,58.7,271,10,1.5,#53.11.16,|,x
,52346,l,{n,Լ,Cs{n,Cs{n,35,45.8,137,17.3,450,10,1.5,(50.6.1)53.11.21,|,x
,52381,l,M,,{sM,{s_,35,38.3,136,36.1,190,9.9,2.2,#53.11.14,52920,|
,52406,l,R,,CsR,CsRDn,35,39.7,137,9.6,233,10,1.5,#53.11.22,|,x
,52421,J,tm,¹,Ðstm,Ðstm,35,39.7,137,25.6,461,|,|,57.6.11,|,|
,52461,l,Z,,Z,ZsO쒆쌴,35,33.3,136,54.6,68,10,1.5,(50.5.29)53.11.15,|,x
,52476,J,,,SÒ,ΌSSÒJ,35,30.9,137,13.8,650,|,|,#,|,|
,52482,l,,۶,쒬,ΌS쒬,35,35.9,137,19.1,517,9.4,1.5,10.9.29,|,x
,52511,l,K,޶,K,KSK쒬O,35,29.1,136,34,45,10,1.5,53.11.14,|,x
,52536,l,Z,ɶ,Z,ZΎs,35,26.7,137,0.3,74,10,1.5,#53.11.15,|,x
,52556,l,b,,b,bߎsic哴,35,26.8,137,24.2,315,10,1.5,#51.3.8,|,x
,52557,l,Ð,Ŷ¶,Ð,Ðs,35,28.6,137,29.2,378,10,1.5,22.3.25,|,x
,52571,l,փP,,փP,sjSփPփP,35,21.8,136,28,130,10.1,1.5,#53.11.13,52935,|
,52581,l,_,޷,_,_sѐX,35,20.8,136,37.2,6,10,1.5,#53.11.13,|,x
,52586,,,,,򕌎s[Vہ@򕌒nCۑ,35,24,136,45.7,13,23,|,#50.4.1,52940,|
,52606,l,,,,sPu,35,20.8,137,6.5,120,10,1.5,(50.5.29)53.11.24,|,x
,52642,J,Β,в,_sΒ,_sΒÒV,35,14.8,136,27.5,193,|,|,28.3.29,|,|
Od,53016,J,k,θ,Ȃ׎sk,Ȃ׎sk,35,8.6,136,32.3,125,|,|,#,|,|
Od,53041,l,K,,K,Ks厚]ꎚ,35,3,136,41.6,3,9.9,1.5,#54.1.12,|,|
Od,53061,,ls,֯,ls,lssi@lsʒnCۊϑ,34,56.4,136,34.8,55,10.7,|,#50.12.13,|,|
Od,53091,l,TR,,TR,TRs֐,34,52.2,136,27.2,70,10,1.5,#54.1.12,|,|
Od,53112,,,,,ɉs΃Pu{@ʒnCۊϑ,34,45.7,136,8.5,159,22.1,|,60.1.30,|,|
Od,53121,J,}R,,Îs}R,Îs匴,34,43.5,136,18.5,810,|,|,#,|,|
Od,53133,,,,,Îs蒬@ÒnCۑ,34,44,136,31.1,3,|,|,23.10.20,53900,CAJ
Od,53133,,,,,ÎsL,34,43.3,136,31.5,2,15,|,23.10.20,|,A
Od,53141,J,,,,sV1Ԓ,34,37.6,136,6.5,226,|,|,#,|,|
Od,53151,J,R,ʸ,ÎsR,ÎsRƏ,34,37.5,136,19.3,60,|,|,54.3.30,|,|
Od,53196,l,,,ɐs,ɐs,34,31.7,136,39.9,10,10,1.5,#54.1.16,|,|
Od,53231,l,,,s,sѓ쒬,34,26.9,136,23.4,120,10,1.5,#54.1.16,|,|
Od,53257,l,H,,H,HsH,34,28.9,136,49.5,2,9,1.5,6.2.7,|,|
Od,53287,J,⓻,̼޻ĳ,I⓻,xSIi͓,34,19.4,136,29.3,560,|,|,#,|,|
Od,53296,l,ɐ,в,ɐ,xSɐDz,34,20.7,136,40.9,6,10,1.5,(53.6.15)54.1.17,|,|
Od,53307,J,,,us,usbꎚ,34,18.5,136,52.4,31,|,|,57.6.1,|,|
Od,53321,J,{,Զ,䒬{,CS䒬v,34,16.7,136,12.5,205,|,|,53.6.1,|,|
Od,53326,l,Iɒ,Ŷ޼,IkIɒ,kKSIk,34,12.5,136,19.6,3,9.9,1.5,54.1.17,|,|
Od,53378,,h,ܾ,h,hsz@hʒnCۊϑ,34,4.1,136,11.6,15,28.4,|,60.5.29,|,|
Od,53401,l,FV,ɱ,FV,FsV,33,55.9,136,8.3,23,6.4,1.5,13.12.18,|,|
Od,53416,J,l,,l,어KSl厚,33,51.1,135,58.8,130,|,|,60.6.11,|,|
V,54012,l,,ܼ,,DSYY,38,27.9,139,15.2,4,10.4,1.5,28.5.31,|,x
V,54041,l,e,ʼ޷޷,nse,nsh莚e,38,19.8,138,30.7,58,8.1,1.5,9.3.31,|,x
V,54056,J,,,s,s,38,19.8,139,36.2,85,|,|,53.6.1,|,|
V,54086,l,,׶,,sOV,38,13.6,139,28.7,10,8.3,2.7,#53.11.28,|,|
V,54097,J,O,е,sO,ss,38,14.8,139,36.3,45,|,|,56.5.20,|,|
V,54157,,,,ns,nsOڐVl@ʒnCۊϑ,38,1.7,138,14.4,6,33.8,|,7.7.7,54900,|
V,54166,l,,خ,ns,nsÖ,38,4.4,138,26.4,2,18.8,1.5,#53.11.24,|,x
V,54181,l,,Ŷޮ,ٓs,ٓs,38,4.6,139,23.3,14,10,2.6,53.11.28,|,x
V,54191,l,,Ӿ,֐쑺,DS֐쑺,38,5.5,139,33.8,33,10,2.8,(50.5.2)53.11.27,54905,x
V,54232,,V,Ʋ,V,Vs璬@VnCۑ,37,53.6,139,1.1,4,|,|,14.11.21,54907,CAJ
V,54232,,V,Ʋ,V,Vs揗r,37,53.3,139,2.9,0,15.1,|,14.11.21,|,A
V,54236,,l,,Vsl,Vs揼l@VqCۊϑ,37,57.3,139,6.7,1,10,|,15.1.1,54908,ƁExEC
V,54271,l,H,,nsH,nsHΖ{,37,50.5,138,18.8,11,10,1.5,(50.6.1)53.11.24,|,x
V,54296,l,V,Ʋ,VsV,VsHt揬ˏg,37,47.5,139,5.2,3,10,2.5,#53.11.21,54910,|
V,54301,J,Z,ˮ,sZ,szKO,37,50,139,14.2,9,|,|,26.7.23,|,|
V,54311,J,ԒJ,,VcsԒJ,VcsԒJh,37,50.1,139,24.9,135,|,|,51.7.30,|,|
V,54341,l,,Ϸ,Vs,Vs抪b,37,46.1,138,54.8,2,10,2.3,#53.12.22,|,x
V,54387,l,,,s,s̊,37,38.4,138,46,44,7.9,1.5,13.8.10,|,x
V,54396,l,O,ݼޮ,O,Os,37,38.4,138,57.3,9,12.5,2.5,#53.11.20,|,x
V,54406,J,,,ܐs,ܐs,37,41.8,139,11.3,25,|,|,#,|,|
V,54421,l,Ð,¶,꒬Ð,S꒬Ð,37,40.3,139,26.8,100,9.6,3,#53.11.21,54915,x
V,54462,J,{,ض,Ύs{,Ύs{,37,34.8,139,8.4,125,|,|,58.6.29,|,|
V,54472,J,J,,꒬J,S꒬_J,37,33,139,22.2,200,|,|,4.3.27,|,|
V,54501,l,,Ŷ޵,,sΒ,37,27,138,49.4,23,9.5,3,#51.2.24,54920,x
V,54506,J,Ȕ,,sȔ,sȔ咬,37,28.5,138,59.5,83,|,|,#,|,|
V,54541,l,,ܻ޷,,s钬,37,21.1,138,33.2,7,10,2.5,#53.11.15,54925,|
V,54566,l,,,s,s,37,20.8,139,2.6,222,10,5.4,(50.5.21)53.11.17,54930,x
V,54586,l,劃,,zs劃,zs劃yl,37,13.5,138,19.5,13,10,2.3,53.11.14,|,|
V,54606,J,,,s,sV,37,17.5,138,42.1,83,|,|,52.6.21,|,|
V,54616,l,o,,so,s,37,13.6,138,57.8,98,10,4,#53.11.17,54935,x
V,54621,J,哒,,s哒,sܗ,37,12.3,139,3.7,240,|,|,56.5.22,|,|
V,54651,,c,,zsc,zs蒬@cʒnCۊϑ,37,6.4,138,14.8,13,18,|,#53.3.11,54937,|
V,54661,l,,Խ޶,zs,zsˋac,37,6.4,138,27.4,126,6.5,3.5,#53.11.15,54940,x
V,54666,J,J,,zsJ,zsgJ{c,37,12,138,31,206,|,|,60.6.14,|,|
V,54671,J,,޲,\s,\s,37,7.9,138,36.4,210,|,|,52.6.21,|,|
V,54676,l,\,ĵ,\,\s򎚖k,37,8.6,138,43.6,170,10,4.5,#53.11.16,54945,x
V,54711,l,,Ĳ,,s,37,2.6,137,52.5,8,10,2.5,#53.11.13,|,x
V,54721,l,\,ɳ,s\,s厚,37,5,138,1.4,55,10.3,3.5,#53.11.13,54950,x
V,54737,J,,޳,zs,zsq擛,37,1.8,138,20.6,255,|,|,60.6.14,|,|
V,54761,J,,,싛s,싛s,37,2.3,138,50.8,195,|,|,58.6.14,|,|
V,54816,l,֎R,,s֎R,s厚֎Rc,36,56,138,13.3,350,10,4.3,(50.5.14)53.11.14,54955,x
V,54836,l,Ó,,Ó,SÓ쒬[,36,59.8,138,41,452,10,4.9,#53.11.16,54965,x
V,54841,l,,ջ,,싛S򒬓򎚒쌴,36,56.5,138,48.6,340,10,4,#53.11.18,54960,x
V,54876,J,,ײ,s,s及,36,52.8,137,52,281,|,|,53.11.10,|,|
V,54892,J,M{,,sM{,s厚M{,36,53.4,138,16.5,633,|,|,60.6.13,|,|
xR,55022,l,,,,VSے,36,56.2,137,33.8,43,10.1,2,29.9.27,55900,|
xR,55041,l,X,,X,Xs,36,51.8,136,57.6,7,10.2,1.6,53.11.18,55915,x
xR,55056,l,,,,ÎsZY,36,49.3,137,25.7,48,10.2,1.8,#53.11.16,55905,|
xR,55063,J,Fތ,޷,Fތ,sFތR,36,50.8,137,33.4,160,|,|,59.6.21,|,|
xR,55091,,,̼,s,s،Í{@ؓʒnCۊϑ,36,47.5,137,3.3,12,15.3,|,#50.12.12,55907,|
xR,55102,,xR,,xR,xRs΍@xRnCۑ,36,42.5,137,12.1,9,20,|,61.1.30,55908,|
xR,55141,l,vg,,vg,vgsܘY,36,36.6,136,57.3,69,6.5,2.1,#51.4.1,55910,|
xR,55151,,H,޼,xRsH,xRsH@xRqCۊϑ,36,38.9,137,11.2,24,10,|,15.1.1,55925,ƁExEC
xR,55156,J,R,,R,xRsԍ,36,36.5,137,17,128,|,|,59.6.28,|,|
xR,55166,l,s,в,s,VSs,36,40.2,137,25.4,296,10,2.8,53.11.15,|,x
xR,55191,l,v{,,v{,vs{,36,32.7,136,52.3,91,10,2.4,#53.11.17,|,x
xR,55206,l,,µ,,xRs~,36,34.2,137,9.5,124,10,2.5,#51.2.27,|,|
xR,55217,J,R,ϱ,R,VSR,36,34.6,137,23.1,379,|,|,22.3.29,|,|
xR,55252,J,܉ӎR,޶,܉ӎR,vs̕,36,25.8,136,56.5,357,|,|,16.10.19,|,|
xR,55267,J,J,,xRsJ,xRsJ,36,28.4,137,14.2,215,|,|,8.10.28,55920,|
ΐ,56036,l,F,,F,Fs@@,37,26.8,137,17.2,4,7.5,2,#53.11.20,56900,|
ΐ,56052,,֓,ܼ,֓,֓sPc@֓ʒnCۊϑ,37,23.4,136,53.7,5,28.1,|,61.6.20,56903,|
ΐ,56081,J,O,ݾ,֓sO,֓sOk,37,15.7,136,43.7,11,|,|,#,|,|
ΐ,56093,,O,в,֓sO,֓sO䒬Fq@\oqCۊϑ,37,17.6,136,57.7,219,10,|,15.7.7,|,ƁExEC
ΐ,56116,l,u,,u,HSu꒬x̉ƒb,37,8.6,136,43.5,6,8.5,2,#53.11.21,|,|
ΐ,56146,l,,ŵ,,ss43̕,37,1.8,136,59.5,58,10,1.5,#53.11.21,56905,|
ΐ,56176,l,H,ʸ,H,Hs,36,53.6,136,46.6,15,19.5,2,#53.11.22,|,|
ΐ,56186,l,ق,θ,ق,قsp,36,42.7,136,41.5,42,10,2,#53.11.22,|,x
ΐ,56192,J,Bu,γ¼н,Bu,HSBu؎R,36,47.3,136,46.1,90,|,|,15.8.12,|,|
ΐ,56227,,,Ż,,sO@nCۑ,36,35.3,136,38,6,48.4,|,3.10.23,56907,|
ΐ,56232,J,㉤R,,㉤R,s{,36,31.2,136,44.7,420,|,|,15.7.29,|,|
ΐ,56276,l,,,,s],36,22.9,136,26.1,3,10,2,53.12.1,|,x
ΐ,56286,l,R͓,ʸݶ,Rs͓,Rs͓,36,23.8,136,37.2,136,10,2.5,(50.5.7)53.11.24,56910,x
ΐ,56301,l,ꒆÌ,Ŷ,ꒆÌ,sR򒆒Ì,36,15.7,136,23.8,65,10,2,#53.11.27,56915,x
ΐ,56346,J,R,ʸݼ,Rs,Rs,36,10.8,136,37.5,470,|,|,52.7.13,|,|
ΐ,56401,J,wq,͸׼,֓swq,֓sCmwq,37,51,136,55.1,8,|,|,26.8.19,|,|
,57001,l,O,и,sO,sOR,36,14.6,136,10.4,34,9.9,2,(50.6.24)53.11.27,|,x
,57026,,t],ٴ,st],st]]@qCۊϑ,36,8.5,136,13.4,5,10,|,15.1.1,|,ƁExEC
,57051,l,zU,,szU,sq,36,0.7,135,59.4,30,9.9,1.5,53.11.27,|,|
,57066,,,̸,,sL@nCۑ,36,3.3,136,13.3,9,26.1,|,#50.3.15,57903,|
,57071,J,R,,sR,sR,35,59.9,136,21.5,70,|,|,50.5.7,|,|
,57082,l,R,,R,Rs򎛒86k,36,2.3,136,31.3,196,9,3.5,5.10.18,|,x
,57106,J,,,zOs,zOs,35,54.3,136,10.4,32,|,|,17.10.27,57920,|
,57121,l,,,,s93֒ˎl,35,58.3,136,29.8,182,6.4,3.5,#51.3.2,57905,x
,57176,J,㓪,ح,s㓪,sLM,35,54.5,136,40.1,436,|,|,57.6.1,57900,|
,57206,l,,ϼޮ,zO,SzO,35,46,136,12,128,10,2.5,#53.11.28,57910,x
,57248,,։,ٶ,։,։sh@։ʒnCۊϑ,35,39.2,136,3.7,2,28,|,63.2.12,57913,|
,57286,l,l,,l,OSlvXq,35,36,135,55,10,10,2,(50.5.19)53.11.28,|,x
,57311,J,,,,ьS{,35,28.8,135,37,3,|,|,7.11.10,|,|
,57317,l,l,,l,ls~,35,29,135,46.9,10,24.9,2,4.11.2,57915,|
,60026,J,P,Ŷ޾,ls]P,ls]P,35,34.9,136,11.3,220,|,|,51.4.27,60900,|
,60051,l,,,s,sÒO,35,24.7,136,1.7,88,9.9,1.5,#53.11.16,60905,|
,60061,l,l,Ŷ,ls,ls,35,25.4,136,14.5,95,10,1.5,(50.5.7)53.11.17,|,|
,60081,J,ؕ,·,sؕ,sؕ,35,18.5,135,49.8,380,|,|,17.12.6,|,|
,60102,l,Č,ϲ,Čs,Čs,35,23,136,20.6,147,6.4,1.5,13.3.30,60911,|
,60116,l,쏬,к,Îs쏬,Îs쏬,35,14.1,135,57.4,90,9.9,1.5,#53.11.16,|,|
,60131,,F,˺,F,Fs钬@FnCۑ,35,16.5,136,14.6,87,19.7,|,#50.3.14,60915,|
,60161,J,ߍ],,ߍ],ߍ]syc,35,7.6,136,5.5,90,|,|,#,|,|
,60196,l,ߍ],˶޼,ߍ]s쓌,ߍ]s쓌,35,3.7,136,11.4,128,6.5,1.5,(50.5.2)53.12.20,|,|
,60216,l,,,ÎsY,ÎsY,34,59.5,135,54.7,86,9.9,1.5,52.12.22,60920,|
,60226,l,My,׷,bsMy,bsMyq,34,54.8,136,4.8,265,10,1.5,(50.5.2)53.12.20,|,|
,60236,l,yR,,bsyR,bsyRkyR,34,56.3,136,16.7,248,10,1.5,#53.12.21,|,|
s,61001,l,Ԑl,,OsԐl,OsO㒬ԐlVM,35,44.2,135,5.2,42,11.2,1.5,(50.5.2)52.2.28,|,|
s,61031,J,R,,OsR,OsRrR,35,37.1,135,4.3,23,|,|,#,61900,|
s,61076,l,{,,{,{Îsi,35,33,135,14.1,2,10.5,1.5,#53.11.15,|,|
s,61096,J,Y,,mRsY,mRs,35,25.1,135,5.2,223,|,|,25.5.29,|,|
s,61111,,,ϲ,,ߎs@ߓʒnCۊϑ,35,27,135,19,2,41.6,|,#50.3.26,61905,|
s,61151,J,r,,sr,sr񒬒K,35,22.9,135,27.2,175,|,|,52.6.28,|,|
s,61187,l,mR,̸,mRsr,mRsr,35,18.7,135,6.8,17,9.5,1.5,17.12.8,|,|
s,61192,J,Oa,,mRsOa,mRsOa瑩,35,13,135,13.9,105,|,|,57.6.2,|,|
s,61196,J,R,϶,sR,sRR,35,17.8,135,18.9,87,|,|,3.3.4,|,|
s,61201,J,{,ݼޮ,Og{,DSOg{,35,15.6,135,23.7,95,|,|,50.5.2,|,|
s,61206,l,R,,OsR,OsRÌO,35,16.5,135,33,200,9.9,1.5,53.11.15,61910,|
s,61241,J,{m,,Og{m,DSOgxc,35,10.6,135,25.2,150,|,|,57.5.26,|,|
s,61242,l,,,Os,Osc,35,6.5,135,27.3,134,9.2,1.5,14.3.6,|,|
s,61251,J,k,θ,ssk,ssE拞k]@J,35,10.9,135,39.7,260,|,|,50.4.24,|,|
s,61286,,s,,ss,ss搼m}a@snCۑ,35,0.8,135,43.9,41,|,|,20.3.27,61915,CAJA
s,61286,,s,,ss,ss搼mD˒,35,0.7,135,44.1,36,17.7,|,20.3.27,|,
s,61306,J,,Ŷ޵,,s,34,55.8,135,40.7,71,|,|,50.5.20,|,|
s,61326,l,c,,c,cӎsdl,34,49.8,135,45.6,20,9.9,1.5,#53.12.19,|,|
,62016,l,\,ɾ,\,L\S\n,34,56.9,135,27.3,235,9.9,1.5,#52.3.7,|,|
,62037,J,,׷,,؎s厚K,34,51.6,135,33.6,78,|,|,21.12.18,|,|
,62046,l,,׶,,su,34,48.5,135,40.3,26,9.9,1.5,(50.5.31)52.3.2,|,|
,62051,,L,Ŷ,L,Lsur@qCۊϑ,34,47,135,26.3,12,10,|,#52.3.9,|,ƁExEC
,62078,,,,s,sO@ǋCۑ,34,40.9,135,31.1,23,|,|,11.2.24,62900,CAJA
,62078,,,,s,s擌{,34,40.5,135,32.8,1,24,|,11.2.24,|,
,62081,l,R,,R,sR蒬,34,40.5,135,40.6,626,9.3,1.5,#51.2.12,|,|
,62091,l,,,s,sS㒹[_,34,33.3,135,29.1,20,10,1.5,(50.5.30)52.3.3,|,|
,62096,,,Ե,,s`@qCۊϑ,34,35.8,135,36,10,10,|,15.1.1,|,ƁExEC
,62101,,֋,ݸ,֐`,ScKB`@֐qnCۑ,34,26,135,13.9,5,10,|,15.1.1,|,ƁExEC
,62111,J,͓,Ŷ,͓,͓s,34,25.4,135,32.6,160,|,|,#,|,|
,62131,l,F,,F,SF撬㐼,34,23.1,135,21,68,9.9,1.5,#52.3.4,|,|
,63016,l,Z,,Z,SZX,35,37.5,134,37.6,5,9.2,2,#51.4.1,63900,|
,63032,J,,ݾ,,SV򒬋ˉ,35,31.7,134,28.8,233,|,|,18.12.5,|,|
,63051,,L,ֵ,L,Ls@LʒnCۊϑ,35,32.1,134,49.3,3,16,|,#50.3.29,63905,|
,63071,l,ea썂,ɺ,ea썂,Shp,35,25.9,134,35,540,6.4,2.5,17.12.14,63911,|
,63111,J,剮,,{s剮,{s剮RH,35,19.9,134,39.9,150,|,|,50.5.2,|,|
,63116,J,,ֳ,{s,{s,35,23.9,134,44.4,183,|,|,17.7.4,|,|
,63121,l,acR,,sacR,sacRc,35,19.4,134,50.9,80,9.9,1.5,#52.12.20,63915,|
,63201,l,,,s,s쒬J,35,10,134,47.5,320,10.7,1.5,#53.11.13,|,|
,63216,l,,,Ogs,Ogs,35,8.2,135,3.9,98,10.1,1.5,#53.12.20,|,|
,63241,J,p,ֳ,p,pSp~,35,1,134,22.1,120,|,|,51.12.20,|,|
,63251,l,{,,s{,s{s,35,5.8,134,35.1,195,10,1.5,#53.11.13,|,|
,63321,l,,̸,,_S蒬V,34,57,134,44.9,72,13.9,1.5,(50.5.2)52.12.19,|,|
,63331,l,e,Ƽܷ,e,es䉄,34,59.9,134,59.8,72,6.5,1.5,(50.5.1)53.12.21,|,|
,63346,J,,¶,OgRs,OgRs,35,1.5,135,17.6,330,|,|,#,|,|
,63366,l,S,к޵,S,ԕSS^,34,51.5,134,22.4,20,13.1,1.5,53.12.26,|,|
,63383,,PH,Ҽ,PHs_qO,PHs_qO@PHʒnCۊϑ,34,50.3,134,40.2,38,16.2,|,20.11.21,|,|
,63411,l,Oc,,Oc,Ocs[c,34,53.7,135,12.7,150,21.6,1.5,(50.5.2)53.12.20,|,|
,63461,l,O,з,O,O؎suL,34,46.6,135,0.8,145,10,1.5,52.12.19,|,|
,63477,J,{,Ƽ,{,{s,34,45,135,20.1,38,|,|,.18.3.6,|,|
,63491,l,Ɠ,,PHsƓ,PHsƓ^Y䎺,34,40.3,134,31.6,88,6.5,1.5,53.12.25,|,|
,63496,l,,,,Ύs񌩒,34,41.2,134,52.6,3,28.6,1.5,4.3.23,|,|
,63517,,_ˋ`,޸,_ˋ`,_ˎs_ˋ`@_ˍqCۊϑ,34,37.9,135,13.4,5,10,|,18.2.16,|,ƁExEC
,63518,,_,,_ˎs,_ˎselCݒʁ@_˒nCۑ,34,41.8,135,12.7,5,|,|,19.3.28,63950,CAJ
,63518,,_,,_ˎs,_ˎs`,34,40.9,135,13.2,3,16,|,19.3.28,|,A
,63551,l,S,ݹ,WHsS,WHs,34,28,134,50.9,5,9.2,1.5,(50.5.2)53.12.22,|,|
,63571,,F{,,F{,F{s،ˁ@F{ʒnCۊϑ,34,18.6,134,50.9,69,14.6,|,29.11.30,|,|
,63588,l,W,,삠킶sW,삠킶s,34,13.1,134,43.2,5,9.6,1.5,16.1.30,|,|
ޗ,64036,,ޗ,,ޗǎsI,ޗǎsI@ޗǒnCۑ,34,40.4,135,50.2,102,|,|,#50.3.19,64900,CAJ
ޗ,64036,,ޗ,,ޗǎsI,ޗǎsI,34,40.4,135,49.9,90,20.1,|,#50.3.19,|,A
ޗ,64041,l,j,,ޗǎsj,ޗǎssVFc,34,36.3,135,57.1,468,9.9,1.5,#53.12.22,|,|
ޗ,64056,J,c{,,c{,Sc{,34,33.3,135,47.1,50,|,|,#,|,|
ޗ,64076,J,],,],FɌS]ǘH,34,31.3,136,9.5,610,|,|,#,|,|
ޗ,64091,J,,׷,s,s,34,29.3,135,42.2,141,|,|,56.8.24,|,|
ޗ,64101,l,F,,FɎsF,FɎsFɉ|,34,29.3,135,55.9,349,10,1.5,#53.12.22,|,|
ޗ,64127,l,ܞ,޼ޮ,ܞsOݒ,ܞsOݒ,34,22.8,135,43.8,190,9.4,1.5,17.12.19,|,|
ޗ,64136,J,g,ּ,g,gSg쒬{,34,22.7,135,54,188,|,|,3.1.16,|,|
ޗ,64161,J,V,ݶ,V,gSV쑺厚,34,16.2,135,53,840,|,|,22.3.25,|,|
ޗ,64206,l,kR,з,kR,gSkR,34,8.2,136,0.3,334,10,1.5,(50.5.1)53.12.26,|,|
ޗ,64227,l,,,\Ð쑺,gS\Ð쑺,34,2.7,135,47.2,301,6.5,1.5,52.12.20,|,|
ޗ,64236,J,kR,ӷ,kRc,gSkRc,34,0.2,135,58,249,|,|,26.7.31,|,|
ޗ,64262,J,,޶,\Ð쑺,gS\Ð쑺厚,33,57.2,135,51.4,396,|,|,3.1.20,|,|
a̎R,65021,J,R,׷޻,I̐sR,I̐sؔ,34,20.8,135,26.2,840,|,|,#,|,|
a̎R,65026,l,炬,׷,炬,ɓsS炬,34,18.6,135,31.7,142,9.4,1.5,54.1.8,|,|
a̎R,65036,l,FP,Ӷ޼,F,a̎RsσP,34,16.8,134,59.9,44,9.3,1.5,10.3.18,|,|
a̎R,65042,,a̎R,ܶ,a̎Rs,a̎RsjŒ@a̎RnCۑ,34,13.7,135,9.8,14,|,|,5.12.1,65900,CAJ
a̎R,65042,,a̎R,ܶ,a̎Rs,a̎RsjŒ,34,13.7,135,9.8,14,42.1,|,5.12.1,|,A
a̎R,65061,l,R,Ի,R,ɓsS쒬R,34,13.3,135,35.4,801,12.9,1.5,#54.1.8,|,|
a̎R,65106,J,,ձ,,LcS󒬓,34,2.1,135,10.9,8,|,|,50.5.8,|,|
a̎R,65121,l,,н,Lc쒬,LcSLc쒬,34,5.2,135,25.5,240,6.5,1.5,(50.5.30)54.1.9,|,|
a̎R,65127,J,얀dR,ݻ,cӎs얀dR,cӎs__,34,2.4,135,34,1130,|,|,22.3.25,|,|
a̎R,65162,l,_,ح,cӎs_,cӎs_m,33,56.7,135,33.4,410,6.4,1.5,6.3.8,|,|
a̎R,65201,l,,,쒬,S쒬a,33,53.6,135,13,84,9.4,1.5,11.3.4,|,|
a̎R,65226,J,{{,ݸ޳,cӎs{{,cӎs{{{{,33,50.2,135,46.4,60,|,|,50.8.18,|,|
a̎R,65256,l,I,ؽ,cӎsI,cӎsӘHI,33,47.5,135,30.8,160,9.9,1.5,(50.5.2)54.1.11,|,|
a̎R,65276,l,V{,ݸ޳,V{,V{s,33,41.2,135,58.2,18,9.4,1.5,#54.3.13,|,|
a̎R,65288,,Il,ݷ,Il`,KSl@IlqCۊϑ,33,39.7,135,21.8,89,9.7,|,18.3.16,|,ƁExEC
a̎R,65306,l,,Ƽ,Í쒬,KSÍ쒬,33,38.3,135,42.6,150,10,1.5,54.1.12,|,|
a̎R,65311,J,F,۶,ߒqYF,KSߒqY,33,40.5,135,50.9,275,|,|,52.7.14,|,|
a̎R,65321,J,u,˷,lu,KSl,33,36.3,135,28.8,17,|,|,#,|,|
a̎R,65356,,,л,,KS{@ʒnCۊϑ,33,27,135,45.4,68,14.9,|,#50.3.13,|,|
R,66046,l,㒷c,Ŷ,^s㒷c,^sfR㒷c,35,17.8,133,43.5,430,6.4,2,53.12.6,66900,|
R,66056,J,,,쒬,ϓcS쒬֌,35,18,133,59.2,734,|,|,56.6.2,|,|
R,66091,l,牮,,Vs牮,Vs牮,35,6.2,133,26.1,525,9.9,1.5,53.12.8,66910,|
R,66112,J,x,,쒬x,ϓcS쒬xJ,35,10.7,133,48.3,480,|,|,17.12.10,|,|
R,66127,l,ދ`,ŷ,ދ`,cSދ`rr,35,6.7,134,10.2,212,6.5,1.5,52.2.25,|,|
R,66136,l,,ϵ,s,s,35,5.9,134,19.5,207,6.4,1.5,#53.11.16,66915,|
R,66171,l,v,,^sv,^s,35,4.1,133,45.2,144,10,1.5,53.11.17,|,|
R,66186,,ÎR,,ÎR,ÎRsѓc@ÎRʒnCۊϑ,35,3.8,134,0.5,146,12.4,|,#50.12.15,66920,|
R,66221,l,V,Ʋ,V,Vs̉,34,56.6,133,31.1,393,10,1.5,53.11.20,|,|
R,66226,J,핔,ӱ޴,^s핔,^s핔,34,57.9,133,37.7,180,|,|,50.4.24,|,|
R,66237,J,,Ƽ,璬,vČS璬,34,57.7,133,48.7,230,|,|,22.3.18,|,|
R,66251,J,Ԕ,,Ԕ,Ԕ֎s{,34,55.1,134,4.9,56,|,|,#,|,|
R,66276,J,wR,,swR,swR,34,49.7,133,31.4,529,|,|,#,|,|
R,66287,J,g,,g,Sgk,34,49,133,42.3,340,|,|,17.12.14,|,|
R,66296,l,n,̸,Rsk敟n,Rsk挚n,34,52,133,54.2,63,7.9,1.5,#54.1.9,|,|
R,66306,l,aC,ܹ,aC,aCSaCgc,34,48.9,134,11,35,10,1.5,#54.1.9,|,|
R,66336,l,,ʼ,,sߎ,34,47.5,133,36.6,60,10,1.5,(50.4.24)54.1.10,|,|
R,66346,,,,R`,Rsk@RqCۊϑ,34,45.4,133,51.3,239,9.7,|,15.1.1,|,ƁExEC
R,66381,J,,,䌴s,䌴sF䒬,34,41.1,133,26.7,390,|,|,#,|,|
R,66391,J,|,Զ,|,cS|O,34,37,133,37.1,18,|,|,#,|,|
R,66408,,R,,RskÓ,RskÓ@RnCۑ,34,41.1,133,55.5,5,|,|,8.3.25,66930,CAJ
R,66408,,R,,RskÓ,Rsk扺Έ,34,39.6,133,54.9,3,70.1,|,8.3.25,|,A
R,66421,l,,Ѽ,˓s,˓sWv,34,40.9,134,12.4,10,10,1.5,#54.1.19,|,|
R,66446,l,q~,׼,q~,q~s,34,35.4,133,46.1,3,10,1.5,#54.1.9,|,|
R,66481,l,},,},}sJug,34,30.1,133,29.7,0,6.5,1.5,54.1.10,|,|
R,66501,l,ʖ,,ʖ,ʖsF,34,29.2,133,57,2,6.4,1.5,#51.4.1,|,|
L,67016,l,,,s,s쒬Vs,35,2,132,54.1,570,10,2.8,(50.4.1)53.11.22,67900,|
L,67026,J,R,޳,sR,s钬O,35,3.4,133,11.3,729,|,|,17.11.29,|,|
L,67052,J,Nc,,OsNc,OsNcCcsJ,34,55.7,132,49.8,304,|,|,17.12.5,|,|
L,67106,l,O,ּ,OsO,OsO,34,48.7,132,51,159,10,1.5,#53.11.22,|,|
L,67116,l,,,s{,s{,34,51.6,133,1.4,300,10.6,1.5,#51.4.1,|,|
L,67126,J,,ĳޮ,s,s钬쓌,34,53.7,133,16.6,310,|,|,50.4.28,|,|
L,67136,J,,,kL,RSkL,34,42.5,132,10.4,774,|,|,53.7.5,67905,|
L,67151,l,咩,,kL咩,RSkL咩,34,46.1,132,27.8,399,9.9,2,#52.12.23,67910,|
L,67161,J,y,,|csy,|csyc,34,43.3,132,39.3,318,|,|,17.12.8,|,|
L,67191,l,,շ,_΍,_ΌS_΍cɃmJ,34,45.8,133,16.7,510,10,1.5,53.12.12,|,|
L,67211,J,,,kL,RSkL׌,34,41.9,132,18.7,525,|,|,53.6.7,|,|
L,67212,l,v,,|cv,RS|cv_c,34,36.6,132,19.2,210,9.9,1.5,#53.11.24,|,|
L,67217,J,su,¼,kLsu,RSkLsu,34,38.8,132,26.6,400,|,|,17.12.6,|,|
L,67231,J,bc,,|csbc,|csbcc,34,41.7,132,45.6,185,|,|,50.4.28,|,|
L,67251,J,㉺,ޮ,{s㉺,{s㉺㉺,34,41.6,133,7,384,|,|,#,|,|
L,67271,J,R,,|cR,RS|c厚쎚쓌,34,35.8,132,10.6,987,|,|,#,|,|
L,67292,l,O,в,LskO,LskO,34,32.7,132,31.8,70,6.4,1.5,13.12.20,|,|
L,67306,J,h,,LsLhh,LsLhh,34,34,132,50.3,363,|,|,22.1.28,|,|
L,67316,l,,,,S厚_莚c,34,35,133,3,350,7.9,1.5,#52.2.23,|,|
L,67326,l,{,,{sy,{sy,34,33.7,133,13.9,70,9.5,1.5,(50.4.28)54.1.11,|,|
L,67351,J,,շ,Ls,Ls擒厚ac{,34,29.9,132,17.4,206,|,|,17.12.2,|,|
L,67371,J,ua,,Lsua,Lsuauax,34,29.9,132,39.6,215,|,|,52.6.30,|,|
L,67376,l,L,˶޼ۼ,Ls{,Ls{,34,25,132,42,224,10,1.5,#54.1.17,|,|
L,67386,,{,ݺ޳,Os{,Os{P@LqCۊϑ,34,26.1,132,55.1,331,10,|,15.1.1,|,ƁExEC
L,67401,,R,̸,Rsi,Rsi@RʒnCۊϑ,34,26.8,133,14.8,2,14.4,|,#50.12.16,|,|
L,67421,l,sÓc,¶,sÓc,ssÓc,34,21.9,132,11.4,317,10,1.5,53.12.6,|,|
L,67437,,L,ۼ,Ls,Ls㔪x@LnCۑ,34,23.9,132,27.7,4,95.4,|,63.1.1,67920,CAAJ
L,67437,,L,ۼ,Ls,Ls㔪x,34,23.9,132,27.8,3,|,|,63.1.1,|,
L,67461,l,|,,|,|sCY,34,19.8,132,58.9,5,10,1.5,#54.1.12,|,|
L,67471,l,,,s,s˓c䎛,34,16.7,133,7.4,3,10,1.5,#54.1.12,|,|
L,67496,l,|,,|,|s,34,13.3,132,13.2,1,25.1,1.5,#54.1.16,|,|
L,67511,,,,s,s󒬁@ʒnCۊϑ,34,14.4,132,33,4,27.3,|,#50.12.10,|,|
L,67566,J,q,ʼ,sq,sq{,34,5.5,132,29.3,3,|,|,#,|,|
L,67576,l,s,ڼ϶,s,sYOY,34,9.9,132,44.9,48,10,1.5,21.2.25,|,|
,68022,,,޳,B̓,BSB̓m@ʒnCۊϑ,36,12.2,133,20,27,17,|,62.10.14,68955,|
,68046,,,޳л,B`,BSB̓@BqCۊϑ,36,10.7,133,19.4,80,10,|,15.1.1,|,ƁExEC
,68056,l,Cm,,Cm,BSCmCm,36,5.8,133,5.8,3,9.3,1.5,53.11.17,|,|
,68091,l,,,]s,]sɖ{,35,31.2,132,59,3,9.9,1.5,#53.12.1,|,|
,68121,,,˶,o_`,o_s쒬F@o_qCۊϑ,35,24.8,132,53.4,2,10.2,|,15.1.1,68920,ƁExEC
,68132,,],´,]sÓc,]sÓc@]nCۑ,35,27.4,133,3.9,17,26.8,|,54.11.1,68960,|
,68156,l,o_,,o_sn,o_sn,35,19.9,132,43.8,20,9.9,1.5,53.11.20,|,|
,68166,J,哌,޲ĳ,_s哌,_s哌p,35,19.1,132,57.9,56,|,|,#,|,|
,68181,J,,ʸ,s,sꗢ,35,21,133,16.4,23,|,|,51.5.20,|,|
,68206,J,c,,o_sc,o_scC,35,13.3,132,43.4,100,|,|,50.4.28,|,|
,68246,l,c,,csc,cscc,35,11.4,132,29.8,30,10.2,1.5,#53.11.21,|,|
,68261,l,|,,_s|,_s||,35,11.8,132,48.9,215,7.9,1.5,#53.11.16,|,|
,68276,l,c,ֺ,o_c,mSo_,35,10.4,133,6.2,369,9.9,1.5,#53.11.16,68900,|
,68286,J,,̸,cs,csÒ,35,4.2,132,20,8,|,|,53.12.21,|,|
,68306,l,Ԗ,,ѓ쒬Ԗ,ѐΌSѓ쒬Ԗ,35,0.1,132,42.7,444,9.9,1.5,53.12.5,68905,|
,68346,J,],״,]Îs],]Îs],34,57.2,132,20,32,|,|,51.5.18,|,|
,68351,l,{,,{,WqS{{,34,58.6,132,29.5,132,9.9,1.5,#53.11.22,|,|
,68376,,lc,,lcsҒ,lcsҒ@lcʒnCۊϑ,34,53.8,132,4.2,19,14.8,|,#50.3.20,|,|
,68401,l,,н,W쒬,WqSW쒬,34,51.2,132,31.8,327,9.9,1.5,(51.5.19)53.11.22,68910,|
,68421,J,O,н,lcsO,lcsO͓,34,47.7,131,56.9,9,|,|,53.7.3,|,|
,68431,l,h,Ի,lcsh,lcsh{,34,46.6,132,6.5,380,9.4,1.5,53.12.1,68915,|
,68436,J,g,ʻ,lcsg,lcs钬g,34,46.8,132,11.8,370,|,|,52.7.21,|,|
,68456,,,,Ό`,vcsc@ΌqCۊϑ,34,40.5,131,47.4,54,10.2,|,15.1.1,|,ƁExEC
,68462,l,vc,Ͻ,vcsڂ̓,vcsڂ̓,34,40.6,131,50.6,4,12.3,1.5,53.11.24,|,|
,68501,J,C,˷,vcsC,vcsCC,34,34.3,132,1,259,|,|,52.7.26,|,|
,68516,l,Øa,,Øa쒬X,SØa쒬X,34,27.7,131,46.2,165,10,1.5,#53.11.24,|,|
,68541,l,g,ּ,g꒬s,Sg꒬s,34,23.5,131,53.6,250,9.9,1.5,18.10.31,|,|
,69006,,,,`s,`s{@ʒnCۊϑ,35,32.6,133,14.1,2,11.7,|,#50.12.18,69910,|
,69021,l,,,R,SR,35,31.4,133,34,15,9.9,1.5,52.12.21,|,|
,69041,l,J,,sJ,sJJ,35,31.2,133,59.8,13,9.9,1.5,#53.11.14,|,|
,69052,,ΎR,,`,sΎR@qCۊϑ,35,31.8,134,9.9,15,10.2,|,15.1.1,|,ƁExEC
,69061,l,,ܲ,F,SFOc,35,33.5,134,21.6,19,10,1.5,#53.11.13,|,|
,69076,,Ďq,ź,Ďq,ĎqsJ@ĎqʒnCۊϑ,35,26,133,20.3,7,18.1,|,#50.3.13,69930,|
,69101,l,qg,ּ,qgs,qgsˎG,35,28.4,133,50.3,8,9.9,1.5,#53.11.14,69900,|
,69111,J,,,s,s쒬͓,35,24.8,134,1,210,|,|,57.7.1,|,|
,69122,,,į,sg,sg@nCۑ,35,29.2,134,14.3,7,33.2,|,52.10.31,69940,|
,69152,J,R,޲,RR,SRR̍,35,23.6,133,32.2,875,|,|,57.6.17,69905,|
,69161,J,֋,,qgs֋,qgs֋,35,22.7,133,45.4,150,|,|,52.7.26,|,|
,69181,J,,,s,s,35,19.7,134,6.8,210,|,|,57.6.11,|,|
,69196,J,,ܶ,,S厚吆,35,20,134,24.3,231,|,|,52.7.26,|,|
,69222,J,],,]{],S]{],35,17.3,133,29,155,|,|,57.6.23,|,|
,69246,l,q,,q,Sqq,35,15.8,134,14.4,182,6.4,1.5,#53.11.13,69915,|
,69271,l,,,쒬,S쒬Wtc,35,11.2,133,13.8,490,10,1.5,53.11.15,|,|
,71066,l,rc,,ODsrc,ODsrcV},34,1.4,133,47.7,214,10,1.5,#53.1.29,|,|
,71087,l,,޷,ns,nsR,34,2.4,134,9.4,160,9.3,1.5,13.3.13,|,|
,71106,,,ĸ,s,sa@nCۑ,34,4,134,34.4,2,17.8,|,#50.4.1,71900,CAAJ
,71106,,,ĸ,s,sa,34,4,134,34.3,2,|,|,#50.4.1,|,
,71136,J,c,,邬c,nS邬cK,33,59.4,134,2.2,228,|,|,53.12.1,|,|
,71191,l,,ޮ,ODs,ODscJ,33,52,133,54.2,532,6.4,1.5,53.3.23,|,|
,71211,J,,̸ױ,㏟,YS㏟厚,33,52.7,134,23.3,290,|,|,51.5.27,|,|
,71231,l,c,,sc,s֒c,33,50.2,134,44.5,10,9.9,1.5,53.1.13,|,|
,71251,l,ؓ,ĳ,߉꒬ؓac,߉S߉꒬ؓacVm,33,46.3,134,11.9,363,10,1.5,54.1.24,|,|
,71266,l,a,ܻ,ga,CSgaY,33,43.9,134,32.3,3,15.4,1.5,#51.2.14,|,|
,71291,l,Cz,ֳ,Cz,CSCzlJ,33,36.7,134,21.3,5,10,1.5,21.2.19,|,|
,72061,l,C,,C,Sb,34,28.3,134,16.4,20,9.3,1.5,#53.1.10,|,|
,72086,,,,,sΒ@nCۑ,34,19.1,134,3.2,9,17.5,|,#50.4.1,72900,|
,72111,,x,,x,xSxÒƒ@xÓʒnCۊϑ,34,16.5,133,45.1,4,12.1,|,#50.12.18,|,|
,72121,l,{,,쒬{,̌S쒬{Rc,34,14.2,133,55.4,60,10,1.5,#53.1.11,|,|
,72126,,,,`,s쒬R@qCۊϑ,34,12.8,134,0.9,185,10,|,15.1.1,|,ƁExEC
,72146,l,c,˹,sc,s,34,12.8,134,24.4,12,10,1.5,#53.1.12,|,|
,72161,l,c,,OLsc,OLscc,34,7.2,133,46.3,65,9.3,1.5,53.1.11,|,|
,72176,J,R,ح,R,nsnq,34,6.8,134,3,1040,|,|,#,|,|
Q,73001,l,O,м,sO,sO{Yn,34,15,133,0.4,9,10,1.5,#53.1.19,|,|
Q,73071,J,ʐ,϶,sʐ,sʐ쒬Onb,34,1.1,132,56.4,67,|,|,#,|,|
Q,73076,l,,,,sRH,34,3.2,132,58.5,27,10,1.5,(50.10.1)51.2.18,|,|
Q,73126,l,,ޮ,sz,sz,33,54.9,133,4.8,4,10.2,1.5,(50.5.1)53.1.18,|,|
Q,73141,l,Vl,Ʋ,Vl,VlsD؍b,33,56.2,133,20.3,90,10,1.5,28.8.24,|,|
Q,73151,l,l,,l,lsȒ,33,58.9,133,34.9,75,10,1.5,#53.1.17,|,|
Q,73152,J,x,л,lsx,lsxR,33,54.9,133,30.6,310,|,|,53.6.29,|,|
Q,73166,,R,,R,Rskc@RnCۑ,33,50.6,132,46.6,32,|,|,#50.4.1,73900,CAJ
Q,73166,,R,,R,RsK,33,50.1,132,47.6,41,17.8,|,#50.4.1,|,A
Q,73168,,Rgc,ּ,R`,Rsgc@RqCۊϑ,33,49.6,132,41.9,4,9.7,|,15.1.1,|,ƁExEC
Q,73231,J,,Լ,s,sэb,33,44.3,132,53.4,460,|,|,#,|,|
Q,73247,J,A,ޮޭ,ΒȎRA,sVnL,33,47.7,133,7.9,1280,|,|,55.5.16,|,|
Q,73256,l,l,Ŷ,Fsl,Fslb,33,37,132,28.8,4,10,1.5,#53.1.31,|,|
Q,73271,J,R,Ŷ,ɗ\sR,ɗ\sRRN,33,38.3,132,42.5,163,|,|,#,|,|
Q,73276,l,v,,vv,㕂Sv,33,39.8,132,53.7,511,10,1.5,#53.1.20,|,|
Q,73306,l,F,,F,FstJb,33,30.5,132,32.1,20,10,1.5,(50.5.1)53.1.31,|,|
Q,73321,J,qz,޴ĳ,qqz,쑽Sq{,33,32.6,132,49.9,1000,|,|,#,|,|
Q,73341,l,,,ɕ,FaSɕ,33,26.8,132,15.4,143,12.1,1.5,9.8.8,|,|
Q,73351,J,l,,l,lsܔc,33,26.9,132,26,8,|,|,#,|,|
Q,73406,l,Fa,,\sFa,\sFa_,33,22,132,30.2,200,10,1.5,(50.5.1)53.1.23,|,|
Q,73442,,Fa,ܼ,Fa,FasZg@FaʒnCۊϑ,33,13.6,132,33.1,2,33.2,|,5.2.1,|,|
Q,73446,l,߉i,Ŷ,Sk߉i,kFaSSk߉i,33,15.2,132,40.5,129,8.1,1.5,54.1.17,|,|
Q,73516,l,䑑,м,쒬䑑,FaS쒬䑑,32,57.8,132,34.2,12,10.1,1.5,#53.1.23,|,|
m,74056,l,{,ݶ,̒{,S̒emR,33,45.9,133,20.3,605,10.4,1.5,54.1.18,|,|
m,74071,l,{R,,{R,S{R{R,33,45.2,133,34.5,252,9.3,1.5,#53.1.1,|,|
m,74101,J,r,,m쒬r,Sm쒬yb,33,36.4,133,10.2,141,|,|,52.7.28,|,|
m,74126,J,ɓ,ĳ,sɓ,syRcɓ,33,40.7,133,41.1,346,|,|,#,|,|
m,74136,l,,,s,sȏ㐼̐,33,41.9,133,52.5,210,6.5,1.5,52.12.20,|,|
m,74151,J,,ž,nH,|SnH,33,36.9,134,6.5,450,|,|,53.10.25,|,|
m,74166,J,,,,S쒬,33,30.7,133,16.3,80,|,|,#,|,|
m,74182,,m,,ms,ms䓇@mnCۑ,33,34,133,32.9,1,|,|,5.3.2,74900,CAJ
m,74182,,m,,ms,ms]z,33,34,133,33.1,2,58.8,|,5.3.2,74900,A
m,74187,l,,,썑s,썑s},33,35.4,133,38.6,12,6.5,1.5,52.12.20,|,|
m,74188,,썑,ݺƯ,m`,썑sL@mqCۊϑ,33,32.7,133,40.1,9,10.2,|,15.1.1,|,ƁExEC
m,74237,J,D,,Ö쒬D,SÖ쒬D,33,25,133,5.3,425,|,|,#,|,|
m,74238,J,`R,ض,m쒬`R,Sm쒬A,33,28.8,133,5,835,|,|,22.3.17,|,|
m,74271,l,|,,|,|sɔ,33,29.3,133,56,6,6.4,1.5,#52.12.19,|,|
m,74276,J,c,,c,|Sc쒬,33,25.6,134,0.4,17,|,|,50.4.28,|,|
m,74296,l,,ս,,S쐼H,33,23.4,132,55.3,415,6.5,1.5,(50.4.23)52.12.22,|,|
m,74311,l,{,,{,{s,33,23.1,133,16.6,4,6.5,1.5,#52.12.22,|,|
m,74336,J,l,,ˎsl,ˎsl,33,24.7,134,11.9,26,|,|,#,|,|
m,74361,l,E,޶,l\E,Sl\VJ,33,12.4,133,7.7,205,6.4,1.5,#52.12.23,|,|
m,74372,,˖,л,˖,ˎs˖@˖ʒnCۊϑ,33,15.1,134,10.6,185,|,|,18.11.28,|,CAJA
m,74372,,˖,л,˖,ˎs˖,33,14.8,134,10.5,161,20.8,|,18.11.28,|,
m,74381,l,],ܻ,l\s],l\syp,33,10.2,132,47.5,72,9.9,1.5,52.12.26,|,|
m,74391,J,吳,,l\吳,Sl\吳,33,11.6,132,58.3,150,|,|,#,|,|
m,74436,l,,,,S,33,4.7,133,6.1,3,6.4,1.5,52.12.23,|,|
m,74447,,h,,h,hюsГ@hѓʒnCۊϑ,32,55.2,132,41.7,2,17.2,|,57.4.1,|,|
m,74456,l,,Ŷ,l\s,l\scPO,32,59.4,132,55.2,8,6.5,1.5,#51.2.17,|,|
m,74506,J,O,л,ysO,ysO,32,47.7,132,52.3,9,|,|,17.10.17,|,|
m,74516,,,н,,ys@ʒnCۊϑ,32,43.3,133,0.6,31,14.7,|,#50.3.20,|,|
R,81011,l,{,,s{,s{쒆,34,36.9,131,37.4,50,6.4,1.5,#52.3.7,|,|
R,81071,,,ʷ,sy,s厚y쓇c@ʒnCۊϑ,34,24.6,131,24.3,2,11.1,|,#50.4.1,|,|
R,81116,l,J,,sJ,sJVʖ,34,22.2,131,3.3,20,9.9,1.5,(50.4.25)52.3.8,|,|
R,81146,J,,,Rs,Rsn,34,20.3,131,37.6,264,|,|,3.12.7,|,|
R,81151,l,,ĸ,Rs,Rs,34,23.9,131,43.5,310,10.2,1.5,#52.3.4,|,|
R,81167,J,R,׶ݻ,⍑sR,⍑saH|R,34,21,132,3.8,945,|,|,51.6.3,|,|
R,81196,l,Hg,ּ޲,IsHg,IsHFHg,34,14.1,131,18.4,240,9.9,1.5,#52.3.10,|,|
R,81228,J,,,s,s厚쉺Ti,34,13.5,131,48.9,368,|,|,22.3.9,|,|
R,81231,l,L,۾,⍑sL,⍑sђL,34,15.7,131,57.1,97,10.1,1.5,#51.2.24,|,|
R,81266,l,Lc,,֎sLc,֎sLc厚y,34,11.2,131,4.6,40,10,1.5,#52.3.11,|,|
R,81271,J,,˶޼,Is,IsےR,34,7.1,131,10.9,56,|,|,22.3.26,|,|
R,81286,,R,ϸ,RsO,RsO@RʒnCۊϑ,34,9.7,131,27.7,18,15.4,|,#50.12.18,81900,|
R,81301,J,ac,,sac,s厚,34,10.2,131,45.2,154,|,|,53.6.29,|,|
R,81321,l,⍑,ܸ,⍑s쐼,⍑s쐼,34,9.3,132,10.7,41,10.2,1.5,(50.4.25)52.2.22,|,|
R,81371,l,h{,γ,h{,h{s厚A,34,2.4,131,32,4,9.9,1.5,#52.3.2,|,|
R,81386,l,,,,sL,34,0.6,131,52.3,27,10.1,1.5,52.3.1,|,|
R,81397,l,,,⍑s,⍑sϒ,34,5.7,132,4.5,68,7.4,1.5,(50.4.1)52.2.28,|,|
R,81428,,,ɾ,֎s|,֎s|蒬@֒nCۑ,33,56.9,130,55.5,3,|,|,8.6.27,81905,CAJ
R,81428,,,ɾ,֎s|,֎sr,33,57.4,130,56.3,46,14.6,|,8.6.27,|,A
R,81436,,F,,F,FsFn@RFqCۊϑ,33,55.8,131,16.7,5,10,|,#13.12.12,|,ƁExEC
R,81481,l,,Ų,,sl,33,57.5,132,6.8,3,10.1,1.5,(50.4.25)52.2.25,|,|
R,81486,l,,ɼ,h哇,哇Sh哇,33,54.2,132,17.6,5,9.9,1.5,#52.2.24,|,|
,82036,J,C,ɼ,sC,s厚C,33,51.8,130,2.1,49,|,|,26.9.11,|,|
,82046,l,@,Ŷ,@,@scF,33,48.5,130,32.3,7,10.3,1.5,(50.4.25)52.2.15,|,|
,82056,l,,,̑,kBs̑,33,51.1,130,44.6,20,9.9,1.5,#52.2.17,|,|
,82068,,`k,,kB`,kBsq`k@kBqCۊϑ,33,50.7,131,2.1,7,10,|,15.1.1,|,ƁExEC
,82097,J,J,˶޼,q擌J,kBsq厚؉,33,46.7,130,51.9,55,|,|,24.2.15,|,|
,82101,l,s,ոʼ,s,ss,33,42.8,130,58.5,9,10,1.5,#52.2.18,|,|
,82136,,ђ,޶,ђ,ђˎs쓇Ö؁@ђ˓ʒnCۊϑ,33,39.1,130,41.6,37,11,|,#50.12.16,|,|
,82171,l,O,ϴ,sO,sO,33,33.6,130,11.4,5,9.9,1.5,#52.3.4,|,|
,82182,,,̸,s,s半@ǋCۑ,33,34.9,130,22.5,3,|,|,22.2.18,82900,CAJA
,82182,,,̸,s,sZ{,33,34.9,130,22.6,3,34.6,|,22.2.18,|,
,82186,,,ʶ,`,s厚P䎚~@qnCۑ,33,35,130,27.1,9,10,|,15.1.1,|,ƁExEC
,82191,l,ɕ{,޻޲,ɕ{,ɕ{s卲,33,29.8,130,29.4,52,10.2,1.5,52.3.2,|,|
,82206,l,Yc,,Ycc,cSYc厚cm,33,33.5,130,51.3,92,10.2,1.5,(50.5.25)52.2.21,|,|
,82241,J,ǘeR,ܷ,sǘeR,sǋeR,33,29.3,130,21.2,83,|,|,22.3.2,|,|
,82261,l,q,,q,qsOޖ,33,24.4,130,41.7,38,10.1,1.5,#52.2.18,|,|
,82272,J,pFR,˺,YcpFR,cSYc厚pFR,33,29.3,130,55.4,823,|,|,63.9.8,|,|
,82306,l,v,,vĎsÕ{,vĎsÕ{,33,18.2,130,29.6,7,12.9,1.5,52.3.1,|,|
,82316,J,[R,ɳ,vĎs[R,vĎs쒬g,33,17.5,130,37.5,607,|,|,#,|,|
,82317,l,,۷,s,sؒ{,33,13.5,130,38.7,144,10.1,1.5,#52.2.25,|,|
,82331,J,,Ŷ,,s{钬,33,9.6,130,24.2,7,|,|,50.4.25,|,|
,82361,l,喴c,,喴c,喴cs,33,0.4,130,28,40,10,1.5,#52.2.23,|,|
啪,83021,l,,,s,sl,33,40.7,131,34.5,53,10,1.5,52.2.15,|,|
啪,83051,l,,Ŷ,Îs,Îs厚藯,33,35.2,131,14.7,12,10.1,1.5,23.3.15,|,|
啪,83061,l,L㍂c,ݺ,L㍂c,L㍂cs,33,34.2,131,26,5,9.8,1.5,#52.2.16,|,|
啪,83096,J,nk,޹,Îsnk,Îsnk哇,33,26.7,131,6.9,100,|,|,50.5.8,|,|
啪,83106,l,@,Ų,Fs@,Fs@R,33,25.2,131,19,90,13.1,1.5,(50.4.24)52.2.21,|,|
啪,83121,l,nz,·,nz,nzs厚{,33,25,131,35.8,5,9.6,1.5,53.1.10,|,|
啪,83126,,,ѻ,s,s厚Cc@啪qCۊϑ,33,28.7,131,44.2,5,10,|,15.1.1,|,ƁExEC
啪,83137,,c,,csO{,csO{@cʒnCۊϑ,33,19.3,130,55.7,83,22.1,|,#50.12.13,|,|
啪,83191,l,,,,S쒬厚,33,17.5,131,9.3,331,9.6,1.5,(50.4.24)52.2.22,|,|
啪,83201,l,z@,̲,Rzsz@,Rzsz@,33,15.2,131,20.8,435,9.6,1.5,#52.2.23,|,|
啪,83216,,啪,,啪sl,啪sl@啪nCۑ,33,14.1,131,37.1,5,19.8,|,#50.3.21,83900,|
啪,83226,J,,ɾ,啪s,啪s厚֎c,33,14.9,131,51.9,1,|,|,#,|,|
啪,83242,J,փ@,޷,csփ@,csOÍ]쎚EXM,33,11.4,130,54.9,843,|,|,16.11.4,|,|
啪,83286,J,Pn,,PnsPn,Pns厚zKk,33,7.9,131,47.8,30,|,|,50.4.24,|,|
啪,83341,l,,Ƕ,Ls,Lsc,33,3.9,131,37.9,121,10.1,1.5,#52.3.3,|,|
啪,83371,l,|c,,|csX,|cs厚X,32,58.4,131,23.9,261,10.1,1.5,#52.3.2,|,|
啪,83401,l,,,s,s,32,57,131,54.1,2,9.7,1.5,#52.3.1,|,|
啪,83431,l,F,,sF,sFڑ厚d,32,50.7,131,40.5,200,9.9,1.5,52.3.2,|,|
啪,83476,l,],ϴ,s],s]厚]Y,32,47.7,131,55.4,2,9.6,1.5,#52.2.28,|,|
,84012,l,kY,Ƴ,ΔnskY,ΔnsΔnkYJLZ,34,41.9,129,26.7,63,8,1.5,7.8.2,|,|
,84072,,,,Δns,Δns@ʒnCۊϑ,34,11.8,129,17.5,5,36.1,|,3.9.1,|,|
,84076,,Ó,¼,Δn`,ΔnsÓ{m@ΔnqCۊϑ,34,17.1,129,19.8,63,10.1,|,15.1.1,|,ƁExEC
,84121,l,,,s,sӒG,33,48,129,43.3,97,9.9,1.5,52.3.11,|,|
,84122,,Γc,,`,sΓc铌G@qCۊϑ,33,44.9,129,47.1,12,10,|,15.1.1,|,ƁExEC
,84171,,,,,ˎs̏㒬@˓ʒnCۊϑ,33,21.6,129,33,58,12.5,|,#50.12.11,|,|
,84183,l,Y,³,Y,YsuƎ҃m,33,20.5,129,42.7,14,9.9,1.5,23.3.15,|,|
,84266,,,,ێss,ێss@ۓʒnCۊϑ,33,9.5,129,43.6,4,35,|,14.3.27,|,|
,84306,l,C,,CsC,CsCY싽,33,0.8,129,39.1,18,9.9,1.5,3.3.5,|,|
,84341,l,L,ض,VܓL싽,쏼YSVܓL싽㌴,32,58.9,129,7.1,11,9.9,1.5,11.12.22,|,|
,84361,J,Yx,Ŷ޳޹,sYx,s_Yk咆A}TL,32,54.5,129,44.3,510,|,|,#,|,|
,84371,,呺,,呺,呺s@qCۊϑ,32,55,129,54.8,3,10,|,(51.4.22)8.3.25,|,ƁExEC
,84441,J,|,,|,|snn,32,50.6,130,1.5,15,|,|,#,|,|
,84496,,,Ŷ޻,sR蒬,sR蒬@nCۑ,32,44,129,52,27,18.6,|,#50.3.21,84900,|
,84519,,_x,ݾ޹,_x,_sl_@_xʒnCۊϑ,32,44.2,130,15.7,678,|,|,14.11.26,|,CAJA
,84519,,_x,ݾ޹,_x,_sl_匦}R,32,44.2,130,15,870,10.5,|,14.11.26,|,
,84523,l,,,,sV,32,45.6,130,21.7,14,9.9,1.5,.18.3.15,|,|
,84536,,],̸,ܓs؏꒬,ܓs؏꒬@]ʒnCۊϑ,32,41.6,128,49.6,25,10.1,|,#50.3.18,|,|
,84537,,,е,]`,ܓsÒ@]qCۊϑ,32,39.9,128,49.9,77,10.1,|,15.1.1,|,ƁExEC
,84561,l,V,,쓇sV,쓇sVÒ,32,36.7,130,11.6,13,9.9,1.5,(50.4.23)51.4.1,|,|
,84597,l,e,ܷл,se,se,32,34.9,129,46.6,4,9.9,1.5,3.1.20,|,|
,85033,l,,,,Îs[q,33,27.5,129,57.3,23,9.9,1.5,22.2.25,|,|
,85046,J,kR,θ,skR,sxm厚։,33,24.8,130,13.2,339,|,|,22.3.17,|,|
,85106,J,,Ľ,,scO,33,23.1,130,31,25,|,|,22.3.4,|,|
,85116,l,ɖ,,ɖ,ɖsԒ,33,16,129,52.7,25,9.9,1.5,(50.9.1)52.3.3,|,|
,85142,,,,swO,swO@nCۑ,33,15.9,130,18.3,6,56.1,|,7.10.19,85900,|
,85161,l,,ڼ,,s쒬厚앸,33,7,129,59.7,81,9.9,1.5,#52.2.24,|,|
,85166,l,,۲,,nSΒ厚c,33,11,130,8.9,2,9.8,1.5,#52.3.2,|,|
,85176,,앛,ܿ,`,s앛厚䓹@qCۊϑ,33,8.9,130,18.1,2,10.1,|,15.1.1,|,ƁExEC
F{,86006,l,k,θ,Rsk,Rsk,33,6.9,130,41.5,119,10,1.5,#52.2.9,|,|
F{,86066,l,쏬,е,쏬Ԕn,hS쏬Ԕn,33,6.2,131,4,448,10.1,1.5,#52.2.14,|,|
F{,86086,l,Ж,Ҳ,ʖsЖ,ʖsЖy,32,54.9,130,30.7,15,10,1.5,#52.2.10,|,|
F{,86101,l,er,,ers؊q,ers؊q,32,56.7,130,46.9,83,10.1,1.5,#52.2.10,|,|
F{,86111,l,hP,,hshP,hsP,32,56.8,131,2.4,487,10,1.5,53.1.11,|,|
F{,86141,,F{,,F{s拞,F{s拞@F{nCۑ,32,48.8,130,42.4,38,|,|,#50.3.26,86905,CAJA
F{,86141,,F{,,F{s拞,F{sk搴ŉz,32,49.3,130,42.9,15,15.3,|,#50.3.26,|,
F{,86146,,v,ϼ,F{`,vSv钬厚J哹@F{qCۊϑ,32,50.2,130,51.3,193,10,|,15.1.1,|,ƁExEC
F{,86157,l,숢h,б,숢hvؖ,hS숢h͉A,32,49.9,131,0.8,394,10,1.5,27.1.16,86901,|
F{,86161,l,X,,X,hSX厚X,32,49.3,131,7.5,555,9.8,1.5,#52.2.15,|,|
F{,86181,J,Fy,,FysnV,FysnV,32,42,130,39.4,6,|,|,17.12.6,|,|
F{,86197,J,Rs,,Rs,vSRsˊp,32,42.7,130,57.5,574,|,|,22.3.4,|,|
F{,86216,l,Op,н,FsOp,FsOpg,32,36.7,130,28.7,60,10,1.5,(50.4.23)52.2.23,|,|
F{,86236,l,b,,b,vSb厚㑁쎚m,32,40.3,130,49,52,10.1,1.5,#52.2.16,|,|
F{,86271,l,,¼,Vs,Vs,32,30.9,130,26.8,2,10.1,1.5,#52.2.24,|,|
F{,86316,l,{n,,Vs{n,Vs{n{˔n,32,28.1,130,10.8,30,10,1.5,#52.2.25,|,|
F{,86336,l,,¼,sRV,sRV,32,28.4,130,36.4,8,10,1.5,#52.2.22,|,|
F{,86396,J,cY,ɳ,kcY,kSk厚cY̌,32,21.8,130,30.5,3,|,|,50.4.25,|,|
F{,86407,J,R],ϴ,R],SR]厚]`,32,18.1,130,44.8,218,|,|,2.12.7,|,|
F{,86411,J,ܖ,·,ܖ,Sܖؑb,32,23.7,130,49.6,310,|,|,24.3.7,|,|
F{,86451,l,,,,s앟,32,12.3,130,24.4,6,10.1,1.5,(50.4.23)52.2.21,|,|
F{,86461,J,ꏟn,,ꏟn,S厚ꏟni,32,14.7,130,38.7,120,|,|,17.12.7,|,|
F{,86467,,lg,ּ,lg,lgs{@lgʒnCۊϑ,32,13,130,45.3,146,14.7,|,#50.12.13,|,|
F{,86477,l,,,蒬,S蒬k,32,13.5,130,54.3,166,10,1.5,(50.4.23)52.3.22,|,|
F{,86478,J,ǖ,׷,ǖؒP,Sǖؒ厚nP,32,17.7,130,57,210,|,|,17.12.8,|,|
F{,86481,J,OJ,ϴֺ,OOJ,SOqR,32,15.8,131,2.6,665,|,|,51.4.26,|,|
F{,86491,,[,޶,Vs[,Vs[@[ʒnCۊϑ,32,11.8,130,1.6,3,20.5,|,#50.12.19,|,|
{,87041,l,,,,PnS䒬厚{쌴,32,42.7,131,17.4,350,10.2,1.5,#52.2.7,|,|
{,87066,l,Í],ٴ,sÍ],skYÍ],32,42.7,131,49.2,14,10.2,1.5,52.2.8,|,|
{,87071,l,Ɖ,׵,܃Ɖ,PnS܃厚Ɖ,32,38.6,131,9.4,590,10.2,1.5,54.1.12,|,|
{,87086,J,Ve,ɶ,Ve,PnSVe厚܎㉺,32,40.9,131,24.4,262,|,|,22.2.18,|,|
{,87127,J,,¶,,PnSˑ厚Ƒ,32,31,131,20.1,150,|,|,54.1.10,|,|
{,87136,J,k,,sk,sk쐅K,32,33.7,131,31.5,30,|,|,62.2.26,|,|
{,87141,,,޵,sV_H,sV_H@ʒnCۊϑ,32,34.9,131,39.4,19,|,|,#50.12.11,|,CAJ
{,87141,,,޵,sV_H,sc,32,34.7,131,38,8,10.1,|,#50.12.11,|,A
{,87157,J,ŗt,,ŗt,PnSŗt厚,32,28.5,131,6.2,517,|,|,23.12.20,|,|
{,87181,l,,˭,,s厚,32,24.5,131,36,20,9.3,1.5,#52.2.9,|,|
{,87206,l,_,ж,_,PnS싽_,32,23.1,131,19.9,250,6.5,1.5,54.1.11,|,|
{,87231,l,ė,Ƽ,ė,SėǑ厚|,32,14.4,131,9.1,260,9.9,1.5,54.1.10,|,|
{,87251,J,s_,,s_,Ss_厚k,32,17,131,32.5,61,|,|,22.2.17,|,|
{,87293,l,,,,S璬],32,7.4,131,28.5,57,10,1.5,29.3.10,|,|
{,87301,l,v,ĳ,т̎sv,т̎s厚iR,32,2.8,130,48.6,228,10,1.5,#52.2.1,|,|
{,87331,l,s,,s,ss厚,32,3.8,131,24.8,8,10,1.5,#52.2.10,|,|
{,87346,J,т̍,ɺ,т̎sт̍,т̎s厚i,31,56.7,130,50.4,1150,|,|,#,|,|
{,87352,l,,Լ,юs쐼,юs쐼,32,0,130,57.2,276,9.5,1.5,12.9.26,|,|
{,87361,J,K,ɼ,юsK,юsK厚,31,57.4,131,9.4,182,|,|,#,|,|
{,87371,J,x,,x,Sx厚{uc,32,0.4,131,17.8,66,|,|,#,|,|
{,87376,,{,Ի޷,{s,{s@{nCۑ,31,56.3,131,24.8,9,25.5,|,#50.3.31,87900,|
{,87406,l,c,,{sc,{sc쒬b,31,50.6,131,18.5,134,10,1.5,29.2.17,|,|
{,87412,,ԍ],,{`,{s厚ԍ]@{qCۊϑ,31,52.6,131,26.9,6,10,|,15.1.1,|,ƁExEC
{,87426,,s,Ժɼޮ,ssҊ,ssҊ@sʒnCۊϑ,31,43.8,131,4.9,154,12.4,|,#50.12.16,|,|
{,87461,J,[,̶,s[,s厚Jb,31,38.2,131,15,130,|,|,52.6.30,|,|
{,87492,,,,s,sÁ@ÓʒnCۊϑ,31,34.7,131,24.4,3,|,|,21.3.10,|,CAJA
{,87492,,,,s,sR,31,35.8,131,24.5,5,10,|,21.3.10,|,
{,87501,l,,,,Ԏs厚R,31,27.9,131,13.2,20,10.2,1.5,#52.2.3,|,|
,88061,,v,,v,vsԐ@vʒnCۊϑ,32,1.6,130,12,40,12.6,|,#50.12.10,|,|
,88066,J,o,,o,osΒ,32,5.6,130,21.1,11,|,|,50.4.24,|,|
,88081,l,,,ɍs,ɍsc,32,2.8,130,37.6,175,10.1,1.5,#52.2.14,|,|
,88101,J,R,޻,ܒR,FSܒ哴L,31,58.8,130,22,1060,|,|,#,|,|
,88107,l,ܔ,϶,ܒ,FSܒ,31,55,130,27.3,59,10.1,1.5,#51.4.1,|,|
,88131,l,,Ŷ,,Fs㍙,31,50.1,129,52,10,10.1,1.5,#52.2.19,|,|
,88151,l,,޲,Fs,Fs,31,50,130,18.9,5,10.1,1.5,#52.2.15,|,|
,88166,,a,п,sa,saӒ[@qCۊϑ,31,48.2,130,43.1,272,10,|,#7.3.22,|,ƁExEC
,88211,J,dR,Դ,FsdR,FsYVJ,31,44.8,130,26.3,533,|,|,#,|,|
,88261,l,s,˶޼,uss,ussc,31,40.1,130,19.7,40,10.1,1.5,#52.2.16,|,|
,88286,l,qV,Ϸ,sRqV,sRR,31,39.7,130,50.6,387,9.9,1.5,(50.4.24)52.2.9,|,|
,88317,,,޼,sS,sS@nCۑ,31,33.3,130,32.8,4,44.9,|,6.2.25,88905,|
,88331,l,Pk,θ,sPk,sPks,31,35.3,130,51.3,360,10.1,1.5,52.3.10,|,|
,88341,J,,,]s,]sؒ,31,34.8,131,0.3,170,|,|,52.3.17,|,|
,88371,l,c,,삳܎sc,삳܎sc{,31,24.9,130,19.5,9,9.5,1.5,#52.2.21,|,|
,88392,J,gPʕ{,ּޯ,sgPʕ{,sG,31,27.5,130,51.7,89,|,|,52.6.6,|,|
,88406,l,uzu,޼,uzu,uzusuzuuzủ,31,28.7,131,5.7,70,10,1.5,(50.4.24)52.2.16,|,|
,88432,l,,,s,s,31,23.2,130,32.4,4,7.9,1.5,#52.2.23,|,|
,88442,l,,,s,s,31,23.5,130,51.8,63,10.2,1.5,(50.4.24)52.2.25,|,|
,88447,l,̕tOc,·ϴ,̕tOc,̑S̕tOc,31,20.4,130,56.3,31,9.3,1.5,52.8.10,|,|
,88466,,,ϸ׻޷,,s@ʒnCۊϑ,31,16.3,130,17.5,30,11,|,#50.3.24,|,|
,88486,l,wh,޽,wh,whs\,31,15,130,38.2,5,10,1.5,#52.2.24,|,|
,88506,l,VY,ɳ,̕tVY,̑S̕tk,31,16.6,131,3.3,8,9.9,1.5,#52.2.15,|,|
,88536,l,c,,э]c,̑Sэ]c[,31,11.9,130,50.6,182,10.1,1.5,52.2.14,|,|
,88551,J,,,,̑Sɍ~,31,5.6,130,41.4,27,|,|,52.6.28,|,|
,88612,,q,ȶ޼,V\sV\,V\sV\@qʒnCۊϑ,30,43.2,130,58.9,25,29.8,|,#50.3.26,|,|
,88621,,q,Ŷ,q,FьSq@qqCۊϑ,30,36.3,130,59.5,234,10,|,15.1.1,|,ƁExEC
,88666,l,㒆,Ŷ,q㒆,FьSqV,30,24.4,130,54.1,150,10.1,1.5,#52.2.18,|,|
,88686,,v,Ը,vc,FьSvc@vʒnCۊϑ,30,23.1,130,39.5,37,10,|,#50.12.19,|,|
,88706,l,V,ɱ,vV,FьSvVԎomK,30,14.1,130,33.3,60,10.2,1.5,#52.3.4,|,|
,88736,l,V,Ŷɼ,\V,S\V,29,50.4,129,52,220,10,1.5,14.12.18,|,|
,88746,J,,׼,\,S\,29,41,129,31.7,97,|,|,26.9.17,|,|
,88756,J,zKV,ɾ,\zKV,S\zKV,29,36.6,129,42.3,111,|,|,26.9.3,|,|
,88776,J,,޶׼,\,S\,29,13.5,129,19.7,10,|,|,26.9.3,|,|
,88781,J,,׼,\,S\,29,9.1,129,12.1,33,|,|,26.7.30,|,|
,88821,,},,s},s}厚a쎚lv@qCۊϑ,28,25.8,129,42.7,4,10,|,15.1.1,|,ƁExEC
,88836,,,ž,s,s`@,28,22.7,129,29.7,3,20.8,|,#50.3.17,|,|
,88851,,E,,E,哇SE厚q@EqCۊϑ,28,19.2,129,55.6,5,10,|,(53.11.9)12.3.16,|,ƁExEC
,88901,l,Ðm,,˓Ðm,哇S˓ÐmD,28,8.6,129,18.9,2,10.2,1.5,(50.5.9)52.2.21,|,|
,88931,,V,Ϸ,V,哇SV钬厚Ԏp@VqCۊϑ,27,50.1,128,52.8,2,10,|,15.3.1,|,ƁExEC
,88956,l,ɐ,,ɐ,哇Sɐ咬ʓ,27,40.6,128,58.4,44,10.1,1.5,52.2.24,|,|
,88971,,iǕ,ɴ,a,哇Sat@iǕʒnCۊϑ,27,25.9,128,42.3,27,10,|,#50.4.10,|,|
,88986,,^_,ݼ,^_,哇S^_@^_qCۊϑ,27,2.6,128,24.1,14,10.1,|,(53.10.3)12.3.16,|,ƁExEC
,91011,l,ɐ,,ɐ,KSɐ,26,56.9,127,56.4,14,10,1.5,52.3.16,|,|
,91021,l,,,,S,26,50.1,128,16.3,232,10,1.5,#52.2.28,|,|
,91046,J,,ƶ,n,Sn,26,43.7,128,10.7,8,|,|,17.12.20,|,|
,91066,J,{,,{Ӊ,S{Ӊ,26,41.1,127,53.9,25,|,|,56.7.1,|,|
,91081,J,,˶޼,,S,26,37.9,128,9.2,24,|,|,56.7.1,|,|
,91096,J,,,`,KSl,26,35.5,127,14.3,14,|,|,15.1.1,|,|
,91107,,,ź,s{,s{@ʒnCۊϑ,26,35.6,127,57.9,6,25.6,|,62.7.1,|,|
,91121,J,ǒJ,,ǒJ,SǒJg,26,24.4,127,44,90,|,|,#,|,|
,91141,,k,,vē`,KSvēk@vēqCۊϑ,26,21.8,126,42.8,7,10,|,15.1.1,|,ƁExEC
,91146,,vē,Ҽ,vēӖ,KSvēӖ@vēʒnCۊϑ,26,20.2,126,48.2,5,15,|,52.3.23,|,|
,91151,J,n,ŷ,n,KSn쑺,26,22.4,127,8.5,7,|,|,26.8.26,|,|
,91161,J,Ӊ,,sӉ,sӉ,26,19.6,127,48.3,86,|,|,#,|,|
,91166,l,{铇,Է޼,܎s{铇,܎s^ߏ㌴,26,21.8,127,58.3,100,10,1.5,19.12.19,|,|
,91181,l,nÕ~,Ķ,nÕ~nÕ~,KSnÕ~nÕ~,26,12.6,127,21.8,220,9.6,1.5,52.3.23,|,|
,91197,,ߔe,,ߔes,ߔes@Cۑ,26,12.4,127,41.2,28,47.8,|,62.6.10,|,|
,91236,,,,ߔe`,ߔes@ߔeq󑪌,26,11.6,127,38.3,3,10,|,15.1.1,|,ƁExEC
,91241,l,,Ķ,s,sʏ鎚ԒÐ쌴,26,9.2,127,45.9,186,10,1.5,#52.3.3,|,|
,92006,,k哌,޲ĳ,k哌`,KSk哌@k哌qCۊϑ,25,56.6,131,19.6,22,9.8,|,15.1.1,|,ƁExEC
,92011,,哌,޲ĳ,哌ݏ,KS哌ݏ@哌nCۑ,25,49.7,131,13.7,15,22.5,|,54.3.14,|,|
,92012,,,ĳ,哌`,KS哌@哌qCۊϑ,25,50.8,131,15.8,48,9.8,|,15.1.1,|,ƁExEC
,93012,,n,Ӽ޼,n`,{ÓsɗǕac@nqCۊϑ,24,49.6,125,8.6,8,10,|,15.1.1,|,ƁExEC
,93041,,{Ó,Ժ,{Ós,{Ósǎ@{ÓnCۑ,24,47.6,125,16.7,39,17.2,|,52.3.16,|,|
,93042,,,,{Ë`,{Ósǎ@{ÍqCۊϑ,24,46.9,125,17.7,43,10,|,15.1.1,|,ƁExEC
,93051,J,,޽,{ÓsV,{ÓsӎV,24,44.6,125,24.6,55,|,|,53.1.30,|,|
,93062,,,Ŷ,Ǌԋ`,{ÌSǊԑ؁@ǊԍqCۊϑ,24,39.2,124,40.5,10,10,|,15.1.1,|,ƁExEC
,94001,l,Ɍ,,Ί_sɌ,Ί_sɌ,24,30.4,124,16.8,11,10,1.5,52.3.10,|,|
,94011,,,ĺ,^ߍ`,dRS^ߍ^ߍ@^ߍqCۊϑ,24,28,122,58.7,15,9.8,|,15.1.1,|,ƁExEC
,94017,,^ߍ,ŸƼ,^ߍc[,dRS^ߍ^ߍ@^ߍʒnCۊϑ,24,28,123,0.6,30,14.4,|,53.4.25,|,|
,94036,J,약,,Ί_s약,Ί_s약,24,28,124,8.4,7,|,|,53.3.13,|,|
,94062,,\,صü,|x㌴,dRS|x㌴Fߗ@\ʒnCۊϑ,24,25.6,123,45.9,10,10.1,|,15.3.12,|,|
,94081,,Ί_,޷,Ί_so,Ί_so@Ί_nCۑ,24,20.2,124,9.8,6,28.9,|,52.3.8,|,|
,94086,,R,,VΊ_`,Ί_sRq@Ί_qCۊϑ,24,23.7,124,14.7,31,10,|,25.3.7,|,ƁExEC
,94101,l,匴,,|x匴,dRS|x앗,24,15.9,123,52.3,33,10,1.5,53.3.14,|,|
,94116,l,gƊ,,|xgƊ,dRS|xgƊ,24,3.3,123,46,38,10,1.5,54.3.2,|,|
